site,week_start,log10_conc,z_before_ingest,ewma_before,n_obs_before
Dalmuir,2020-05-25,2.931,,,0
Hatton,2020-05-25,3.244,,,0
Nigg,2020-05-25,2.741,,,0
Philipshill,2020-05-25,3.170,,,0
Shieldhall,2020-05-25,3.341,,,0
Falkirk,2020-06-01,2.826,,,0
Hatton,2020-06-01,3.070,,3.244,1
Philipshill,2020-06-01,2.784,,3.170,1
Shieldhall,2020-06-01,3.002,,3.341,1
Allanfearn,2020-06-08,2.975,,,0
Dalmuir,2020-06-08,2.784,,2.931,1
Dunfermline,2020-06-08,2.924,,,0
Levenmouth,2020-06-08,2.877,,,0
Shieldhall,2020-06-08,3.138,,3.208,2
Levenmouth,2020-06-15,2.568,,2.877,1
Shieldhall,2020-06-15,2.731,,3.180,3
Shieldhall,2020-06-22,2.818,,3.003,4
Shieldhall,2020-07-06,2.623,,2.930,5
Shieldhall,2020-07-13,2.764,,2.810,6
Shieldhall,2020-07-20,2.558,-0.919,2.792,7
Dunfermline,2020-07-27,1.000,,2.924,1
Nigg,2020-07-27,2.784,,2.741,1
Allanfearn,2020-08-03,2.639,,2.975,1
Dunfermline,2020-08-03,2.795,,2.167,2
Fort William,2020-08-03,2.797,,,0
Nigg,2020-08-03,2.881,,2.758,2
Allanfearn,2020-08-10,2.939,,2.843,2
Carbarns,2020-08-10,3.062,,,0
Dunfermline,2020-08-10,4.820,,2.414,3
Fort William,2020-08-10,2.823,,2.797,1
Kirkwall,2020-08-10,3.765,,,0
Nigg,2020-08-10,4.168,,2.806,3
Shieldhall,2020-08-10,3.165,1.738,2.700,8
Allanfearn,2020-08-17,2.883,,2.881,3
Carbarns,2020-08-17,2.565,,3.062,1
Dalmuir,2020-08-17,3.355,,2.873,2
Dalscone,2020-08-17,2.779,,,0
Dunfermline,2020-08-17,3.434,,3.361,4
Falkirk,2020-08-17,3.194,,2.826,1
Fort William,2020-08-17,2.773,,2.807,2
Hamilton,2020-08-17,2.980,,,0
Hatton,2020-08-17,3.996,,3.175,2
Kirkwall,2020-08-17,4.567,,3.765,1
Levenmouth,2020-08-17,3.010,,2.755,2
Meadowhead,2020-08-17,2.725,,,0
Nigg,2020-08-17,3.950,,3.342,4
Seafield,2020-08-17,2.854,,,0
Shieldhall,2020-08-17,3.235,1.500,2.832,9
Allanfearn,2020-08-24,3.265,,2.882,4
Carbarns,2020-08-24,3.728,,2.867,2
Dalmuir,2020-08-24,4.038,,3.063,3
Dunfermline,2020-08-24,3.372,,3.390,5
Falkirk,2020-08-24,2.803,,2.971,2
Fort William,2020-08-24,2.839,,2.794,3
Hamilton,2020-08-24,2.844,,2.980,1
Hatton,2020-08-24,3.922,,3.498,3
Hawick,2020-08-24,3.590,,,0
Kirkwall,2020-08-24,3.645,,4.080,2
Levenmouth,2020-08-24,3.510,,2.855,3
Nairn,2020-08-24,2.637,,,0
Nigg,2020-08-24,3.457,,3.581,5
Philipshill,2020-08-24,2.826,,3.018,2
Seafield,2020-08-24,3.203,,2.854,1
Shieldhall,2020-08-24,3.315,1.279,2.964,10
Stirling,2020-08-24,2.643,,,0
Allanfearn,2020-08-31,3.539,,3.032,5
Carbarns,2020-08-31,3.941,,3.205,3
Dalmuir,2020-08-31,3.960,,3.447,4
Dunfermline,2020-08-31,2.879,,3.383,6
Falkirk,2020-08-31,3.279,,2.904,3
Fort William,2020-08-31,2.924,,2.811,4
Hamilton,2020-08-31,3.675,,2.926,2
Hatton,2020-08-31,3.272,,3.665,4
Hawick,2020-08-31,3.801,,3.590,1
Kirkwall,2020-08-31,3.049,,3.909,3
Levenmouth,2020-08-31,2.678,,3.113,4
Meadowhead,2020-08-31,3.501,,2.725,1
Nigg,2020-08-31,3.217,,3.532,6
Philipshill,2020-08-31,3.895,,2.943,3
Seafield,2020-08-31,3.444,,2.991,2
Shieldhall,2020-08-31,3.920,2.892,3.099,11
Allanfearn,2020-09-07,3.454,,3.142,6
Carbarns,2020-09-07,3.420,,3.495,4
Dalmuir,2020-09-07,4.175,,3.649,5
Dalscone,2020-09-07,2.944,,2.779,1
Dunfermline,2020-09-07,3.096,-0.078,3.184,7
Falkirk,2020-09-07,3.319,,3.052,4
Fort William,2020-09-07,2.752,,2.856,5
Hatton,2020-09-07,3.131,,3.510,5
Hawick,2020-09-07,3.740,,3.673,2
Levenmouth,2020-09-07,3.113,,2.942,5
Lockerbie,2020-09-07,3.711,,,0
Nigg,2020-09-07,3.079,-0.575,3.408,7
Philipshill,2020-09-07,3.207,,3.317,4
Seafield,2020-09-07,3.971,,3.169,3
Shieldhall,2020-09-07,4.070,2.159,3.239,12
Troqueer,2020-09-07,2.973,,,0
Allanfearn,2020-09-14,3.047,-0.664,3.265,7
Carbarns,2020-09-14,4.226,,3.465,5
Dalmuir,2020-09-14,3.270,,3.856,6
Dalscone,2020-09-14,2.763,,2.844,2
Dunfermline,2020-09-14,3.758,0.580,3.150,8
Hamilton,2020-09-14,4.047,,3.221,3
Hatton,2020-09-14,3.412,,3.361,6
Hawick,2020-09-14,2.844,,3.700,3
Levenmouth,2020-09-14,3.260,,3.009,6
Lockerbie,2020-09-14,2.823,,3.711,1
Meadowhead,2020-09-14,2.948,,3.030,2
Nigg,2020-09-14,3.403,0.232,3.279,8
Peebles,2020-09-14,3.505,,,0
Philipshill,2020-09-14,4.287,,3.274,5
Shieldhall,2020-09-14,4.007,1.245,3.428,13
Stirling,2020-09-14,2.851,,2.643,1
Allanfearn,2020-09-21,3.644,1.528,3.179,8
Annan,2020-09-21,2.764,,,0
Carbarns,2020-09-21,4.788,,3.734,6
Dalbeattie,2020-09-21,3.356,,,0
Dalmuir,2020-09-21,4.389,1.369,3.626,7
Dalscone,2020-09-21,3.009,,2.812,3
Dunfermline,2020-09-21,4.115,0.719,3.389,9
Falkirk,2020-09-21,3.813,,3.157,5
Fort William,2020-09-21,4.768,,2.827,6
Galashiels,2020-09-21,2.871,,,0
Hamilton,2020-09-21,4.235,,3.546,4
Hatton,2020-09-21,4.076,1.855,3.381,7
Hawick,2020-09-21,4.112,,3.363,4
Helensburgh,2020-09-21,3.381,,,0
Kirkwall,2020-09-21,2.713,,3.571,4
Levenmouth,2020-09-21,3.807,2.133,3.108,7
Lockerbie,2020-09-21,2.925,,3.362,2
Meadowhead,2020-09-21,3.838,,2.998,3
Nairn,2020-09-21,2.580,,2.637,1
Nigg,2020-09-21,3.565,0.473,3.327,9
Peebles,2020-09-21,3.877,,3.505,1
Philipshill,2020-09-21,4.100,,3.493,6
Seafield,2020-09-21,4.409,,3.485,4
Shieldhall,2020-09-21,4.531,1.736,3.656,14
Stirling,2020-09-21,3.599,,2.725,2
Troqueer,2020-09-21,4.110,,2.973,1
Allanfearn,2020-09-28,3.254,-0.221,3.329,9
Carbarns,2020-09-28,4.728,0.939,4.033,7
Dalbeattie,2020-09-28,4.310,,3.356,1
Dalmuir,2020-09-28,4.773,1.445,3.900,8
Dalscone,2020-09-28,4.134,,2.890,4
Dunfermline,2020-09-28,3.811,0.136,3.675,10
Fort William,2020-09-28,5.121,37.190,2.857,7
Hamilton,2020-09-28,4.622,,3.817,5
Hatton,2020-09-28,4.314,1.808,3.566,8
Hawick,2020-09-28,4.064,,3.658,5
Helensburgh,2020-09-28,3.218,,3.381,1
Levenmouth,2020-09-28,4.135,2.081,3.269,8
Lockerbie,2020-09-28,3.090,,3.190,3
Meadowhead,2020-09-28,4.390,,3.329,4
Nairn,2020-09-28,4.530,,2.615,2
Nigg,2020-09-28,3.969,1.138,3.421,10
Peebles,2020-09-28,3.450,,3.652,2
Philipshill,2020-09-28,4.475,1.203,3.732,7
Seafield,2020-09-28,4.513,,3.848,5
Shieldhall,2020-09-28,4.696,1.328,3.904,15
Stirling,2020-09-28,4.037,,3.069,3
Troqueer,2020-09-28,4.329,,3.420,2
Allanfearn,2020-10-05,3.620,0.999,3.299,10
Carbarns,2020-10-05,4.882,0.739,4.306,8
Dalbeattie,2020-10-05,3.740,,3.732,2
Dalmuir,2020-10-05,4.866,0.977,4.197,9
Dalscone,2020-10-05,4.059,,3.379,5
Dunfermline,2020-10-05,4.087,0.370,3.729,11
Falkirk,2020-10-05,4.613,,3.281,6
Galashiels,2020-10-05,3.601,,2.871,1
Hatton,2020-10-05,3.971,0.429,3.769,9
Hawick,2020-10-05,3.874,,3.817,6
Helensburgh,2020-10-05,3.599,,3.317,2
Levenmouth,2020-10-05,3.337,-0.263,3.474,9
Meadowhead,2020-10-05,4.515,,3.746,5
Nairn,2020-10-05,3.951,,3.368,3
Nigg,2020-10-05,3.821,0.372,3.637,11
Peebles,2020-10-05,3.008,,3.572,3
Philipshill,2020-10-05,4.992,1.436,4.024,8
Shieldhall,2020-10-05,4.270,0.108,4.197,16
Troqueer,2020-10-05,3.831,,3.778,3
Allanfearn,2020-10-12,3.663,0.710,3.426,11
Annan,2020-10-12,3.110,,2.764,1
Carbarns,2020-10-12,4.824,0.358,4.533,9
Dalbeattie,2020-10-12,4.111,,3.735,3
Dalmuir,2020-10-12,4.600,0.189,4.461,10
Dalscone,2020-10-12,3.764,,3.647,6
Dunfermline,2020-10-12,4.410,0.568,3.869,12
Falkirk,2020-10-12,4.486,1.619,3.464,7
Fort William,2020-10-12,4.207,21.685,2.887,8
Galashiels,2020-10-12,3.594,,3.158,2
Hamilton,2020-10-12,5.455,,4.124,6
Hawick,2020-10-12,2.877,-2.262,3.839,7
Helensburgh,2020-10-12,4.785,,3.428,3
Lerwick,2020-10-12,3.718,,,0
Levenmouth,2020-10-12,4.623,2.449,3.420,10
Lockerbie,2020-10-12,3.718,,3.151,4
Meadowhead,2020-10-12,4.448,,4.049,6
Nigg,2020-10-12,4.057,0.709,3.709,12
Peebles,2020-10-12,3.294,,3.350,4
Philipshill,2020-10-12,4.731,0.479,4.356,9
Seafield,2020-10-12,4.715,,4.110,6
Shieldhall,2020-10-12,4.739,0.743,4.226,17
Troqueer,2020-10-12,4.304,,3.799,4
Allanfearn,2020-10-19,4.034,1.491,3.519,12
Annan,2020-10-19,3.003,,2.900,2
Carbarns,2020-10-19,4.993,0.423,4.647,10
Dalbeattie,2020-10-19,3.398,,3.883,4
Dalmuir,2020-10-19,4.867,0.479,4.515,11
Dunfermline,2020-10-19,4.178,0.100,4.082,13
Falkirk,2020-10-19,4.508,1.052,3.774,8
Galashiels,2020-10-19,3.535,,3.330,3
Hamilton,2020-10-19,5.057,0.638,4.472,7
Hatton,2020-10-19,4.347,1.088,3.849,10
Hawick,2020-10-19,3.940,0.627,3.630,8
Helensburgh,2020-10-19,4.562,,3.962,4
Levenmouth,2020-10-19,4.631,1.545,3.662,11
Lockerbie,2020-10-19,3.512,,3.374,5
Meadowhead,2020-10-19,4.832,0.852,4.206,7
Nairn,2020-10-19,3.644,,3.597,4
Nigg,2020-10-19,3.835,-0.021,3.846,13
Peebles,2020-10-19,4.841,,3.328,5
Philipshill,2020-10-19,4.996,0.613,4.504,10
Seafield,2020-10-19,4.404,0.078,4.348,7
Shieldhall,2020-10-19,4.848,0.570,4.428,18
Stirling,2020-10-19,3.658,,3.450,4
Allanfearn,2020-10-26,4.606,2.313,3.689,13
Annan,2020-10-26,3.250,,2.941,3
Carbarns,2020-10-26,5.105,0.388,4.783,11
Dalbeattie,2020-10-26,2.785,,3.692,5
Dalmuir,2020-10-26,3.534,-1.490,4.654,12
Dalscone,2020-10-26,3.447,-0.402,3.693,7
Dunfermline,2020-10-26,3.984,-0.144,4.120,14
Falkirk,2020-10-26,3.399,-0.912,4.063,9
Fort William,2020-10-26,5.215,37.752,2.917,9
Galashiels,2020-10-26,3.357,,3.411,4
Hatton,2020-10-26,4.621,1.192,4.045,11
Hawick,2020-10-26,3.744,-0.018,3.752,9
Helensburgh,2020-10-26,3.576,,4.198,5
Kirkwall,2020-10-26,2.994,,3.233,5
Lerwick,2020-10-26,4.455,,3.718,1
Levenmouth,2020-10-26,4.693,1.030,3.970,12
Lockerbie,2020-10-26,3.556,,3.428,6
Meadowhead,2020-10-26,3.984,-0.602,4.452,8
Nairn,2020-10-26,3.815,,3.616,5
Nigg,2020-10-26,4.125,0.576,3.842,14
Peebles,2020-10-26,3.375,,3.484,6
Philipshill,2020-10-26,5.079,0.456,4.697,11
Seafield,2020-10-26,4.639,0.389,4.370,8
Shieldhall,2020-10-26,4.674,0.103,4.593,19
Stirling,2020-10-26,4.869,,3.532,5
Troqueer,2020-10-26,3.471,,3.997,5
Allanfearn,2020-11-02,3.929,0.087,3.884,14
Annan,2020-11-02,3.339,,3.062,4
Carbarns,2020-11-02,4.903,-0.008,4.910,12
Dalmuir,2020-11-02,4.208,-0.104,4.284,13
Dunfermline,2020-11-02,4.453,0.420,4.067,15
Fort William,2020-11-02,3.177,3.775,2.947,10
Galashiels,2020-11-02,4.328,,3.389,5
Hamilton,2020-11-02,5.317,0.661,4.702,8
Hatton,2020-11-02,4.770,0.938,4.272,12
Hawick,2020-11-02,3.028,-1.607,3.749,10
Helensburgh,2020-11-02,4.963,,3.953,6
Levenmouth,2020-11-02,4.522,0.354,4.255,13
Lockerbie,2020-11-02,3.474,-0.011,3.478,7
Meadowhead,2020-11-02,4.410,0.196,4.268,9
Nairn,2020-11-02,3.378,,3.694,6
Nigg,2020-11-02,4.026,0.146,3.953,15
Philipshill,2020-11-02,4.631,-0.252,4.847,12
Seafield,2020-11-02,4.610,0.196,4.476,9
Shieldhall,2020-11-02,4.366,-0.324,4.625,20
Stirling,2020-11-02,2.681,,3.820,6
Troqueer,2020-11-02,4.327,,3.790,6
Allanfearn,2020-11-09,3.586,-0.611,3.902,15
Annan,2020-11-09,3.651,,3.171,5
Carbarns,2020-11-09,4.992,0.103,4.907,13
Dalbeattie,2020-11-09,3.657,,3.483,6
Dalmuir,2020-11-09,4.727,0.671,4.254,14
Dunfermline,2020-11-09,4.726,0.553,4.218,16
Galashiels,2020-11-09,4.378,,3.541,6
Hamilton,2020-11-09,4.927,-0.017,4.944,9
Hatton,2020-11-09,4.322,-0.253,4.468,13
Hawick,2020-11-09,4.052,1.126,3.528,11
Helensburgh,2020-11-09,3.376,-1.232,4.275,7
Kirkwall,2020-11-09,2.573,,3.139,6
Levenmouth,2020-11-09,4.360,-0.000,4.360,14
Lockerbie,2020-11-09,5.040,4.421,3.477,8
Meadowhead,2020-11-09,4.889,0.801,4.324,10
Nairn,2020-11-09,2.922,-0.918,3.570,7
Peebles,2020-11-09,3.550,0.383,3.441,7
Philipshill,2020-11-09,4.535,-0.270,4.762,13
Seafield,2020-11-09,4.420,-0.162,4.529,10
Shieldhall,2020-11-09,4.850,0.411,4.523,21
Stirling,2020-11-09,3.605,0.224,3.422,7
Troqueer,2020-11-09,3.822,-0.345,4.002,7
Allanfearn,2020-11-16,3.892,0.229,3.778,16
Annan,2020-11-16,4.155,,3.282,6
Carbarns,2020-11-16,4.718,-0.271,4.941,14
Dalmuir,2020-11-16,4.573,0.188,4.440,15
Dalscone,2020-11-16,3.742,0.257,3.596,8
Dunfermline,2020-11-16,4.103,-0.338,4.418,17
Falkirk,2020-11-16,4.065,0.381,3.802,10
Galashiels,2020-11-16,3.418,-0.665,3.772,7
Hamilton,2020-11-16,4.659,-0.300,4.937,10
Hatton,2020-11-16,4.130,-0.492,4.410,14
Hawick,2020-11-16,4.110,0.812,3.735,12
Helensburgh,2020-11-16,3.795,-0.177,3.921,8
Lerwick,2020-11-16,2.687,,4.008,2
Levenmouth,2020-11-16,4.560,0.262,4.360,15
Lockerbie,2020-11-16,3.264,-1.093,3.651,9
Nairn,2020-11-16,2.720,-0.868,3.315,8
Nigg,2020-11-16,4.078,0.193,3.982,16
Peebles,2020-11-16,3.703,0.828,3.484,8
Philipshill,2020-11-16,5.186,0.629,4.673,14
Seafield,2020-11-16,4.073,-0.637,4.486,11
Shieldhall,2020-11-16,4.261,-0.477,4.652,22
Troqueer,2020-11-16,4.100,0.350,3.931,8
Allanfearn,2020-11-23,4.032,0.423,3.823,17
Annan,2020-11-23,2.750,-1.482,3.431,7
Carbarns,2020-11-23,4.574,-0.349,4.853,15
Dalmuir,2020-11-23,4.576,0.119,4.493,16
Dalscone,2020-11-23,3.833,0.329,3.654,9
Galashiels,2020-11-23,4.413,1.558,3.633,8
Hamilton,2020-11-23,4.589,-0.270,4.828,11
Hawick,2020-11-23,4.491,1.318,3.882,13
Helensburgh,2020-11-23,3.891,0.029,3.871,9
Levenmouth,2020-11-23,4.763,0.420,4.439,16
Lockerbie,2020-11-23,4.309,2.441,3.498,10
Meadowhead,2020-11-23,4.382,-0.226,4.546,11
Nairn,2020-11-23,3.134,0.077,3.081,9
Nigg,2020-11-23,4.528,1.018,4.020,17
Peebles,2020-11-23,3.779,0.794,3.570,9
Philipshill,2020-11-23,4.331,-0.653,4.875,15
Shieldhall,2020-11-23,4.327,-0.212,4.498,23
Stirling,2020-11-23,4.190,0.916,3.494,8
Troqueer,2020-11-23,4.230,0.510,3.997,9
Allanfearn,2020-11-30,3.522,-0.767,3.905,18
Carbarns,2020-11-30,4.798,0.071,4.743,16
Dalbeattie,2020-11-30,2.941,-1.203,3.552,7
Dalmuir,2020-11-30,4.704,0.261,4.525,17
Dalscone,2020-11-30,3.537,-0.352,3.724,10
Dunfermline,2020-11-30,4.795,0.550,4.294,18
Falkirk,2020-11-30,4.410,0.755,3.905,11
Fort William,2020-11-30,3.328,5.774,2.977,11
Galashiels,2020-11-30,3.077,-1.499,3.879,9
Hamilton,2020-11-30,4.686,-0.056,4.734,12
Hatton,2020-11-30,4.474,0.315,4.300,15
Hawick,2020-11-30,4.030,-0.161,4.110,14
Helensburgh,2020-11-30,4.110,0.367,3.879,10
Levenmouth,2020-11-30,4.831,0.336,4.566,17
Lockerbie,2020-11-30,2.824,-1.914,3.662,11
Meadowhead,2020-11-30,4.608,0.181,4.482,12
Nigg,2020-11-30,4.211,-0.016,4.220,18
Peebles,2020-11-30,3.701,0.184,3.652,10
Philipshill,2020-11-30,5.187,0.654,4.661,16
Seafield,2020-11-30,4.763,0.711,4.323,12
Shieldhall,2020-11-30,4.767,0.422,4.431,24
Stirling,2020-11-30,3.935,0.224,3.768,9
Troqueer,2020-11-30,3.483,-1.373,4.089,10
Allanfearn,2020-12-07,3.268,-1.004,3.755,19
Carbarns,2020-12-07,4.870,0.138,4.765,17
Dalbeattie,2020-12-07,2.884,-0.809,3.311,8
Dalmuir,2020-12-07,4.550,-0.067,4.596,18
Dalscone,2020-12-07,3.036,-1.217,3.650,11
Dunfermline,2020-12-07,4.390,-0.110,4.491,19
Falkirk,2020-12-07,3.461,-0.955,4.104,12
Fort William,2020-12-07,3.266,4.262,3.007,12
Galashiels,2020-12-07,3.192,-0.779,3.616,10
Hamilton,2020-12-07,4.871,0.191,4.715,13
Hatton,2020-12-07,4.361,-0.014,4.368,16
Hawick,2020-12-07,4.672,1.229,4.078,15
Kirkwall,2020-12-07,2.715,-0.286,2.916,7
Levenmouth,2020-12-07,4.269,-0.500,4.670,18
Lockerbie,2020-12-07,3.130,-0.695,3.446,12
Nigg,2020-12-07,4.537,0.603,4.216,19
Peebles,2020-12-07,3.685,0.054,3.672,11
Philipshill,2020-12-07,4.340,-0.648,4.868,17
Seafield,2020-12-07,3.740,-1.221,4.496,13
Shieldhall,2020-12-07,4.689,0.157,4.563,25
Stirling,2020-12-07,3.392,-0.618,3.834,10
Troqueer,2020-12-07,3.720,-0.344,3.872,11
Allanfearn,2020-12-14,3.593,0.064,3.563,20
Alloa,2020-12-14,4.457,,,0
Armadale,2020-12-14,4.113,,,0
Bathgate,2020-12-14,4.584,,,0
Blackburn,2020-12-14,3.699,,,0
Blackridge,2020-12-14,3.315,,,0
Carbarns,2020-12-14,4.761,-0.061,4.806,18
Dalmuir,2020-12-14,4.205,-0.559,4.578,19
Dalscone,2020-12-14,3.590,0.365,3.409,12
Dunfermline,2020-12-14,4.652,0.221,4.451,20
East Calder,2020-12-14,5.290,,,0
Falkirk,2020-12-14,4.238,0.597,3.851,13
Fauldhouse,2020-12-14,4.407,,,0
Galashiels,2020-12-14,3.345,-0.195,3.449,11
Hamilton,2020-12-14,4.524,-0.317,4.776,14
Hawick,2020-12-14,4.163,-0.286,4.312,16
Inverclyde,2020-12-14,4.259,,,0
Lerwick,2020-12-14,2.883,,3.488,3
Levenmouth,2020-12-14,4.321,-0.244,4.512,19
Linlithgow,2020-12-14,4.102,,,0
Lockerbie,2020-12-14,3.337,0.034,3.322,13
Meadowhead,2020-12-14,4.561,0.043,4.531,13
Nigg,2020-12-14,4.456,0.205,4.343,20
Peebles,2020-12-14,3.525,-0.608,3.677,12
Philipshill,2020-12-14,4.677,0.021,4.660,18
Seafield,2020-12-14,4.377,0.295,4.199,14
Shieldhall,2020-12-14,4.218,-0.489,4.613,26
Stirling,2020-12-14,3.328,-0.488,3.660,11
Troqueer,2020-12-14,3.222,-1.390,3.812,12
Whitburn,2020-12-14,4.730,,,0
Winchburgh,2020-12-14,3.819,,,0
Alloa,2020-12-21,3.522,,4.457,1
Armadale,2020-12-21,4.780,,4.113,1
Blackridge,2020-12-21,3.000,,3.315,1
East Calder,2020-12-21,4.593,,5.290,1
Fauldhouse,2020-12-21,3.722,,4.407,1
Inverclyde,2020-12-21,4.502,,4.259,1
Linlithgow,2020-12-21,4.140,,4.102,1
Shieldhall,2020-12-21,4.480,0.028,4.457,27
Whitburn,2020-12-21,3.744,,4.730,1
Dalmuir,2020-12-28,4.891,0.708,4.431,20
Fauldhouse,2020-12-28,3.648,,4.138,2
Hamilton,2020-12-28,4.783,0.139,4.677,15
Hatton,2020-12-28,4.710,0.633,4.365,17
Hawick,2020-12-28,4.714,0.903,4.253,17
Helensburgh,2020-12-28,3.588,-0.637,3.970,11
Inverclyde,2020-12-28,4.989,,4.354,2
Levenmouth,2020-12-28,4.999,0.729,4.437,20
Meadowhead,2020-12-28,5.137,0.887,4.543,14
Nigg,2020-12-28,5.234,1.507,4.387,21
Peebles,2020-12-28,3.539,-0.330,3.617,13
Philipshill,2020-12-28,5.078,0.531,4.667,19
Shieldhall,2020-12-28,4.953,0.622,4.466,28
Whitburn,2020-12-28,3.792,,4.342,2
Allanfearn,2021-01-04,4.841,2.731,3.575,21
Allers,2021-01-04,5.216,,,0
Alloa,2021-01-04,5.045,,4.089,2
Annan,2021-01-04,6.077,6.093,3.205,8
Armadale,2021-01-04,4.529,,4.376,2
Bathgate,2021-01-04,4.090,,4.584,1
Biggar,2021-01-04,4.389,,,0
Blackburn,2021-01-04,4.605,,3.699,1
Blackridge,2021-01-04,3.374,,3.191,2
Blackwood,2021-01-04,5.080,,,0
Bothwellbank,2021-01-04,4.704,,,0
Carbarns,2021-01-04,4.995,0.284,4.788,19
Dalbeattie,2021-01-04,2.975,-0.311,3.143,9
Daldowie,2021-01-04,5.277,,,0
Dalmuir,2021-01-04,4.969,0.547,4.612,21
Dunfermline,2021-01-04,4.995,0.512,4.530,21
Dunnswood,2021-01-04,5.424,,,0
East Calder,2021-01-04,4.910,,5.016,2
Falkirk,2021-01-04,4.677,1.053,4.003,14
Fauldhouse,2021-01-04,5.061,,3.945,3
Fort William,2021-01-04,2.526,-8.392,3.037,13
Galashiels,2021-01-04,3.847,0.850,3.408,12
Hamilton,2021-01-04,4.703,-0.021,4.719,16
Harthill,2021-01-04,4.424,,,0
Hatton,2021-01-04,4.874,0.670,4.501,18
Hawick,2021-01-04,5.268,1.552,4.435,18
Helensburgh,2021-01-04,4.485,1.147,3.820,12
Inverclyde,2021-01-04,5.368,,4.604,3
Kirkwall,2021-01-04,2.827,-0.015,2.837,8
Lanark,2021-01-04,4.805,,,0
Lerwick,2021-01-04,2.808,,3.250,4
Levenmouth,2021-01-04,4.753,0.121,4.658,21
Linlithgow,2021-01-04,4.806,,4.117,2
Lockerbie,2021-01-04,4.252,2.194,3.328,14
Mauldslie,2021-01-04,4.760,,,0
Meadowhead,2021-01-04,5.045,0.388,4.777,15
Nairn,2021-01-04,4.159,1.630,3.102,10
New Cumnock,2021-01-04,5.312,,,0
Nigg,2021-01-04,5.101,0.690,4.663,22
Peebles,2021-01-04,3.960,1.639,3.586,14
Philipshill,2021-01-04,4.914,0.110,4.829,20
Seafield,2021-01-04,5.215,1.614,4.269,15
Shieldhall,2021-01-04,5.085,0.537,4.658,29
Shotts,2021-01-04,4.793,,,0
Stirling,2021-01-04,4.267,1.130,3.529,12
Stonehouse,2021-01-04,4.459,,,0
Stornoway,2021-01-04,2.976,,,0
Strathaven,2021-01-04,4.389,,,0
Swinstie,2021-01-04,4.798,,,0
Troqueer,2021-01-04,4.447,1.888,3.603,13
Whitburn,2021-01-04,4.783,,4.125,3
Winchburgh,2021-01-04,4.410,,3.819,1
Allanfearn,2021-01-11,4.888,2.018,3.803,22
Allers,2021-01-11,5.205,,5.216,1
Alloa,2021-01-11,5.130,,4.465,3
Annan,2021-01-11,5.521,4.423,3.437,9
Armadale,2021-01-11,4.574,,4.436,3
Bathgate,2021-01-11,4.130,,4.390,2
Biggar,2021-01-11,1.675,,4.389,1
Blackburn,2021-01-11,4.336,,4.055,2
Blackridge,2021-01-11,3.600,,3.263,3
Blackwood,2021-01-11,5.609,,5.080,1
Bothwellbank,2021-01-11,4.832,,4.704,1
Carbarns,2021-01-11,5.029,0.221,4.870,20
Dalbeattie,2021-01-11,3.186,0.206,3.077,10
Daldowie,2021-01-11,5.733,,5.277,1
Dalmuir,2021-01-11,5.129,0.572,4.752,22
Dalscone,2021-01-11,4.673,2.500,3.480,13
Dunfermline,2021-01-11,4.810,0.106,4.713,22
Dunnswood,2021-01-11,5.018,,5.424,1
East Calder,2021-01-11,4.453,,4.974,3
Falkirk,2021-01-11,5.115,1.280,4.268,15
Fauldhouse,2021-01-11,4.622,,4.384,4
Fort William,2021-01-11,5.620,42.928,3.007,14
Galashiels,2021-01-11,4.441,1.723,3.581,13
Hamilton,2021-01-11,5.013,0.414,4.713,17
Harthill,2021-01-11,4.570,,4.424,1
Hatton,2021-01-11,4.893,0.426,4.647,19
Hawick,2021-01-11,5.294,0.973,4.699,19
Helensburgh,2021-01-11,3.893,-0.325,4.082,13
Inverclyde,2021-01-11,4.668,,4.905,4
Kirkwall,2021-01-11,3.104,0.412,2.833,9
Lanark,2021-01-11,4.744,,4.805,1
Lerwick,2021-01-11,4.312,,3.076,5
Lesmahagow,2021-01-11,4.372,,,0
Levenmouth,2021-01-11,4.756,0.077,4.696,22
Linlithgow,2021-01-11,4.434,,4.388,3
Lockerbie,2021-01-11,3.873,0.720,3.535,15
Mauldslie,2021-01-11,5.075,,4.760,1
Maybole,2021-01-11,3.815,,,0
Meadowhead,2021-01-11,4.877,-0.007,4.882,16
Nairn,2021-01-11,4.517,1.652,3.421,11
New Cumnock,2021-01-11,3.967,,5.312,1
Nigg,2021-01-11,4.947,0.166,4.835,23
Peebles,2021-01-11,4.313,2.492,3.699,15
Philipshill,2021-01-11,5.021,0.208,4.862,21
Seafield,2021-01-11,5.012,0.725,4.557,16
Shieldhall,2021-01-11,4.964,0.170,4.826,30
Shotts,2021-01-11,4.853,,4.793,1
Skellyton,2021-01-11,5.182,,,0
Stirling,2021-01-11,4.536,1.094,3.820,13
Stonehouse,2021-01-11,3.763,,4.459,1
Strathaven,2021-01-11,4.404,,4.389,1
Swinstie,2021-01-11,4.825,,4.798,1
Troqueer,2021-01-11,5.318,3.256,3.823,14
Whitburn,2021-01-11,4.812,,4.384,4
Winchburgh,2021-01-11,4.295,,4.052,2
Allanfearn,2021-01-18,4.561,0.825,4.068,23
Allers,2021-01-18,4.801,,5.212,2
Alloa,2021-01-18,4.150,,4.727,4
Annan,2021-01-18,4.239,1.210,3.669,10
Armadale,2021-01-18,4.314,,4.490,4
Bathgate,2021-01-18,2.577,,4.287,3
Blackburn,2021-01-18,4.160,,4.166,3
Blackridge,2021-01-18,3.823,,3.395,4
Bothwellbank,2021-01-18,4.503,,4.754,2
Carbarns,2021-01-18,4.543,-0.544,4.932,21
Daldowie,2021-01-18,4.672,,5.457,2
Dalmuir,2021-01-18,4.613,-0.428,4.901,23
Dunfermline,2021-01-18,4.273,-0.518,4.751,23
Dunnswood,2021-01-18,4.738,,5.264,2
East Calder,2021-01-18,4.402,,4.769,4
Falkirk,2021-01-18,4.206,-0.540,4.593,16
Fauldhouse,2021-01-18,4.439,,4.478,5
Fort William,2021-01-18,3.008,-0.481,3.037,15
Galashiels,2021-01-18,3.276,-1.043,3.826,14
Hamilton,2021-01-18,4.464,-0.514,4.831,18
Harthill,2021-01-18,2.639,,4.481,2
Hatton,2021-01-18,4.703,-0.070,4.744,20
Hawick,2021-01-18,4.730,-0.304,4.933,20
Helensburgh,2021-01-18,4.558,0.989,4.008,14
Inverclyde,2021-01-18,4.835,,4.812,5
Kirkwall,2021-01-18,3.193,0.408,2.940,10
Lanark,2021-01-18,4.206,,4.781,2
Lerwick,2021-01-18,3.554,,3.449,6
Levenmouth,2021-01-18,4.211,-0.646,4.720,23
Linlithgow,2021-01-18,4.335,,4.406,4
Lockerbie,2021-01-18,3.597,-0.151,3.668,16
Mauldslie,2021-01-18,5.025,,4.884,2
Maybole,2021-01-18,4.051,,3.815,1
Meadowhead,2021-01-18,4.589,-0.419,4.880,17
Nairn,2021-01-18,3.604,-0.202,3.747,12
New Cumnock,2021-01-18,4.297,,4.783,2
Nigg,2021-01-18,4.902,0.032,4.879,24
Peebles,2021-01-18,3.591,-0.750,3.820,16
Philipshill,2021-01-18,4.785,-0.184,4.925,22
Seafield,2021-01-18,4.768,0.049,4.736,17
Shieldhall,2021-01-18,4.729,-0.185,4.880,31
Shotts,2021-01-18,3.850,,4.817,2
Stirling,2021-01-18,3.899,-0.299,4.101,14
Stonehouse,2021-01-18,4.309,,4.185,2
Strathaven,2021-01-18,4.311,,4.395,2
Troqueer,2021-01-18,4.536,0.845,4.049,15
Whitburn,2021-01-18,5.153,,4.553,5
Winchburgh,2021-01-18,2.789,,4.148,3
Allanfearn,2021-01-25,4.589,0.531,4.262,24
Allers,2021-01-25,4.848,,5.050,3
Alloa,2021-01-25,4.656,,4.500,5
Annan,2021-01-25,4.385,0.894,3.893,11
Armadale,2021-01-25,5.374,,4.421,5
Bathgate,2021-01-25,4.786,,3.614,4
Biggar,2021-01-25,4.303,,3.321,2
Blackburn,2021-01-25,3.389,,4.164,4
Blackridge,2021-01-25,4.638,,3.564,5
Blackwood,2021-01-25,4.407,,5.288,2
Bothwellbank,2021-01-25,4.719,,4.656,3
Bowhouse,2021-01-25,4.506,,,0
Carbarns,2021-01-25,5.005,0.324,4.779,22
Cupar,2021-01-25,3.216,,,0
Dalmarnock,2021-01-25,4.334,,,0
Dalmuir,2021-01-25,4.891,0.157,4.788,24
Dunfermline,2021-01-25,3.562,-1.109,4.563,24
East Calder,2021-01-25,5.158,,4.625,5
Falkirk,2021-01-25,4.473,0.046,4.441,17
Fauldhouse,2021-01-25,3.769,,4.462,6
Fraserburgh,2021-01-25,4.681,,,0
Galashiels,2021-01-25,4.836,2.363,3.610,15
Guardbridge,2021-01-25,3.343,,,0
Hamilton,2021-01-25,4.619,-0.097,4.686,19
Hatton,2021-01-25,4.823,0.161,4.728,21
Hawick,2021-01-25,4.805,-0.072,4.853,21
Helensburgh,2021-01-25,4.186,-0.068,4.224,15
Inverclyde,2021-01-25,4.325,,4.821,6
Ironmill Bay,2021-01-25,3.953,,,0
Kincardine,2021-01-25,4.227,,,0
Kirkcaldy,2021-01-25,4.672,,,0
Kirkwall,2021-01-25,3.463,0.719,3.039,11
Lerwick,2021-01-25,3.519,0.040,3.490,7
Levenmouth,2021-01-25,4.746,0.294,4.520,24
Linlithgow,2021-01-25,3.889,,4.378,5
Lockerbie,2021-01-25,4.255,1.358,3.640,17
Mauldslie,2021-01-25,4.108,,4.939,3
Meadowhead,2021-01-25,4.639,-0.187,4.766,18
Newburgh,2021-01-25,3.544,,,0
Newport & Tayport,2021-01-25,3.402,,,0
Nigg,2021-01-25,4.563,-0.457,4.888,25
Peebles,2021-01-25,3.365,-1.234,3.730,17
Peterhead,2021-01-25,3.792,,,0
Philipshill,2021-01-25,5.167,0.399,4.870,23
Seafield,2021-01-25,4.797,0.076,4.749,18
Shieldhall,2021-01-25,4.732,-0.110,4.821,32
Skellyton,2021-01-25,5.598,,5.182,1
Springfield,2021-01-25,3.944,,,0
St Andrews,2021-01-25,4.285,,,0
Stirling,2021-01-25,3.614,-0.624,4.022,15
Stornoway,2021-01-25,3.202,,2.976,1
Strathaven,2021-01-25,3.850,,4.362,3
Swinstie,2021-01-25,4.033,,4.809,2
Troqueer,2021-01-25,4.039,-0.351,4.241,16
Whitburn,2021-01-25,5.228,,4.789,6
Winchburgh,2021-01-25,3.122,,3.613,4
Allanfearn,2021-02-01,4.559,0.266,4.390,25
Allers,2021-02-01,4.648,,4.971,4
Alloa,2021-02-01,4.744,,4.561,6
Annan,2021-02-01,3.777,-0.507,4.086,12
Armadale,2021-02-01,4.736,,4.547,6
Bathgate,2021-02-01,4.858,,4.075,5
Biggar,2021-02-01,4.312,,3.707,3
Blackburn,2021-02-01,4.345,,3.859,5
Blackridge,2021-02-01,4.990,,3.716,6
Blackwood,2021-02-01,4.992,,4.941,3
Bothwellbank,2021-02-01,3.460,,4.681,4
Bowhouse,2021-02-01,4.015,,4.506,1
Carbarns,2021-02-01,5.226,0.520,4.868,23
Cupar,2021-02-01,3.767,,3.216,1
Daldowie,2021-02-01,4.707,,5.148,3
Dalmuir,2021-02-01,4.775,-0.082,4.828,25
Dunfermline,2021-02-01,4.272,0.116,4.169,25
Dunnswood,2021-02-01,5.173,,5.057,3
East Calder,2021-02-01,4.629,,4.807,6
Falkirk,2021-02-01,4.861,0.589,4.453,18
Fauldhouse,2021-02-01,4.369,0.323,4.196,7
Fort William,2021-02-01,2.980,-0.504,3.025,16
Fraserburgh,2021-02-01,4.543,,4.681,1
Galashiels,2021-02-01,3.140,-1.242,3.865,16
Hamilton,2021-02-01,4.897,0.351,4.660,20
Harthill,2021-02-01,3.866,,3.757,3
Hatton,2021-02-01,4.769,0.005,4.765,22
Hawick,2021-02-01,3.736,-1.637,4.834,22
Helensburgh,2021-02-01,3.913,-0.546,4.209,16
Inverclyde,2021-02-01,4.200,-1.095,4.630,7
Ironmill Bay,2021-02-01,3.839,,3.953,1
Kincardine,2021-02-01,5.503,,4.227,1
Kirkcaldy,2021-02-01,4.082,,4.672,1
Lanark,2021-02-01,4.258,,4.555,3
Lesmahagow,2021-02-01,4.785,,4.372,1
Levenmouth,2021-02-01,4.485,-0.161,4.609,25
Linlithgow,2021-02-01,3.746,,4.239,6
Lockerbie,2021-02-01,3.241,-1.299,3.863,18
Mauldslie,2021-02-01,5.034,,4.612,4
Maybole,2021-02-01,3.326,,3.908,2
Meadowhead,2021-02-01,4.668,-0.073,4.716,19
Nairn,2021-02-01,3.230,-0.678,3.691,13
New Cumnock,2021-02-01,5.683,,4.592,3
Newburgh,2021-02-01,2.864,,3.544,1
Newport & Tayport,2021-02-01,3.479,,3.402,1
Nigg,2021-02-01,4.376,-0.545,4.760,26
Peterhead,2021-02-01,4.857,,3.792,1
Philipshill,2021-02-01,4.762,-0.301,4.987,24
Seafield,2021-02-01,4.429,-0.543,4.768,19
Shieldhall,2021-02-01,4.929,0.179,4.786,33
Shotts,2021-02-01,4.851,,4.437,3
Skellyton,2021-02-01,5.241,,5.346,2
Springfield,2021-02-01,3.089,,3.944,1
St Andrews,2021-02-01,3.660,,4.285,1
Stirling,2021-02-01,4.917,1.672,3.862,16
Stonehouse,2021-02-01,3.655,,4.234,3
Stornoway,2021-02-01,4.391,,3.065,2
Strathaven,2021-02-01,3.759,,4.160,4
Swinstie,2021-02-01,4.394,,4.504,3
Whitburn,2021-02-01,4.591,-0.615,4.961,7
Winchburgh,2021-02-01,3.584,,3.420,5
Allanfearn,2021-02-08,4.771,0.487,4.457,26
Allers,2021-02-08,4.092,,4.844,5
Alloa,2021-02-08,4.757,0.224,4.633,7
Annan,2021-02-08,4.428,0.790,3.965,13
Armadale,2021-02-08,5.051,1.071,4.621,7
Bathgate,2021-02-08,4.790,,4.383,6
Biggar,2021-02-08,3.106,,3.946,4
Blackburn,2021-02-08,4.634,,4.050,6
Blackridge,2021-02-08,4.718,0.987,3.996,7
Blackwood,2021-02-08,3.991,,4.961,4
Bothwellbank,2021-02-08,4.316,,4.200,5
Bowhouse,2021-02-08,4.011,,4.313,2
Carbarns,2021-02-08,4.862,-0.213,5.009,24
Coldstream,2021-02-08,4.363,,,0
Cupar,2021-02-08,2.918,,3.433,2
Dalbeattie,2021-02-08,3.465,0.677,3.120,11
Daldowie,2021-02-08,4.670,,4.974,4
Dalmuir,2021-02-08,4.846,0.060,4.807,26
Dunfermline,2021-02-08,4.115,-0.110,4.210,26
Duns,2021-02-08,3.154,,,0
East Calder,2021-02-08,5.074,0.969,4.737,7
Falkirk,2021-02-08,5.327,1.013,4.614,19
Fort William,2021-02-08,3.747,7.659,3.007,17
Fraserburgh,2021-02-08,4.286,,4.627,2
Hamilton,2021-02-08,4.458,-0.444,4.753,21
Harthill,2021-02-08,5.157,,3.800,4
Hatton,2021-02-08,4.205,-0.943,4.767,23
Hawick,2021-02-08,2.839,-2.527,4.504,23
Helensburgh,2021-02-08,5.364,2.418,4.092,17
Inverclyde,2021-02-08,4.254,-0.511,4.461,8
Ironmill Bay,2021-02-08,3.075,,3.908,2
Kincardine,2021-02-08,5.364,,4.729,2
Kirkcaldy,2021-02-08,4.205,,4.440,2
Lanark,2021-02-08,4.870,,4.438,4
Largs,2021-02-08,4.276,,,0
Lesmahagow,2021-02-08,4.383,,4.534,2
Levenmouth,2021-02-08,4.212,-0.462,4.560,26
Linlithgow,2021-02-08,3.937,-0.408,4.082,7
Lockerbie,2021-02-08,3.182,-0.950,3.628,19
Lossiemouth,2021-02-08,4.000,,,0
Mauldslie,2021-02-08,4.215,,4.778,5
Maybole,2021-02-08,4.321,,3.679,3
Meadowhead,2021-02-08,5.030,0.513,4.697,20
Muirkirk,2021-02-08,4.474,,,0
Nairn,2021-02-08,5.063,2.364,3.509,14
New Cumnock,2021-02-08,4.410,,5.021,4
Newport & Tayport,2021-02-08,2.963,,3.432,2
Newtown St Boswell,2021-02-08,3.249,,,0
Nigg,2021-02-08,4.238,-0.537,4.609,27
Peebles,2021-02-08,3.451,-0.464,3.586,18
Peterhead,2021-02-08,3.580,,4.211,2
Philipshill,2021-02-08,4.322,-0.788,4.898,25
Seafield,2021-02-08,4.172,-0.762,4.634,20
Shieldhall,2021-02-08,4.647,-0.243,4.842,34
Shotts,2021-02-08,4.977,,4.600,4
Springfield,2021-02-08,3.456,,3.608,2
Stevenston,2021-02-08,4.270,,,0
Stirling,2021-02-08,4.023,-0.219,4.172,17
Stonehouse,2021-02-08,3.642,,4.006,4
Strathaven,2021-02-08,3.273,,4.002,5
Troqueer,2021-02-08,4.401,0.431,4.161,17
Whitburn,2021-02-08,5.688,1.563,4.816,8
Winchburgh,2021-02-08,4.217,,3.484,6
Allanfearn,2021-02-15,4.608,0.041,4.580,27
Allers,2021-02-15,4.784,,4.719,6
Alloa,2021-02-15,4.265,-0.800,4.682,8
Alva,2021-02-15,4.853,,,0
Annan,2021-02-15,2.981,-1.876,4.147,14
Ardoch,2021-02-15,4.233,,,0
Armadale,2021-02-15,5.261,1.175,4.790,8
Bathgate,2021-02-15,4.638,0.118,4.543,7
Biggar,2021-02-15,2.881,,3.615,5
Blackburn,2021-02-15,4.754,1.032,4.275,7
Blackridge,2021-02-15,4.856,0.770,4.280,8
Blackwood,2021-02-15,4.741,,4.579,5
Blairgowrie,2021-02-15,3.496,,,0
Boness,2021-02-15,4.527,,,0
Bonnybridge,2021-02-15,4.810,,,0
Bothwellbank,2021-02-15,4.665,,4.246,6
Bowhouse,2021-02-15,2.946,,4.194,3
Carbarns,2021-02-15,4.375,-0.852,4.951,25
Coldstream,2021-02-15,3.755,,4.363,1
Cumnock,2021-02-15,4.933,,,0
Cupar,2021-02-15,2.797,,3.230,3
Daldowie,2021-02-15,4.811,,4.854,5
Dalmarnock,2021-02-15,4.974,,4.334,1
Dalmuir,2021-02-15,4.498,-0.507,4.823,27
Denny,2021-02-15,4.536,,,0
Dunbar,2021-02-15,3.378,,,0
Dunfermline,2021-02-15,4.449,0.328,4.172,27
Duns,2021-02-15,3.779,,3.154,1
East Calder,2021-02-15,4.694,-0.518,4.870,8
Fairlie,2021-02-15,4.339,,,0
Falkirk,2021-02-15,4.891,-0.004,4.895,20
Fauldhouse,2021-02-15,3.908,-0.712,4.264,8
Fraserburgh,2021-02-15,4.677,,4.492,3
Galashiels,2021-02-15,2.904,-1.161,3.580,17
Girvan,2021-02-15,3.462,,,0
Guardbridge,2021-02-15,3.296,,3.343,1
Hamilton,2021-02-15,4.707,0.108,4.637,22
Harthill,2021-02-15,4.424,,4.334,5
Hatton,2021-02-15,3.915,-1.086,4.546,24
Hawick,2021-02-15,3.837,-0.493,4.180,24
Helensburgh,2021-02-15,4.934,0.966,4.351,18
Inverclyde,2021-02-15,3.953,-1.064,4.379,9
Kincardine,2021-02-15,4.803,,4.979,3
Kirkcaldy,2021-02-15,4.498,,4.348,3
Kirkwall,2021-02-15,2.580,-1.105,3.206,12
Lanark,2021-02-15,4.589,,4.608,5
Largs,2021-02-15,4.409,,4.276,1
Lesmahagow,2021-02-15,5.700,,4.475,3
Levenmouth,2021-02-15,3.905,-0.707,4.423,27
Linlithgow,2021-02-15,3.433,-1.731,4.025,8
Lossiemouth,2021-02-15,3.616,,4.000,1
Mauldslie,2021-02-15,4.860,,4.578,6
Maybole,2021-02-15,2.719,,3.931,4
Meadowhead,2021-02-15,4.620,-0.319,4.828,21
Muirkirk,2021-02-15,3.385,,4.474,1
Nairn,2021-02-15,3.718,-0.152,3.833,15
Neilston,2021-02-15,3.432,,,0
New Cumnock,2021-02-15,4.011,,4.781,5
Newburgh,2021-02-15,3.300,,3.277,2
Newport & Tayport,2021-02-15,3.486,,3.248,3
Nigg,2021-02-15,4.072,-0.579,4.463,28
Paisley,2021-02-15,4.606,,,0
Penicuik,2021-02-15,5.268,,,0
Perth,2021-02-15,4.377,,,0
Peterhead,2021-02-15,3.595,,3.963,3
Philipshill,2021-02-15,4.341,-0.464,4.672,26
Seafield,2021-02-15,5.180,1.227,4.452,21
Shieldhall,2021-02-15,4.612,-0.195,4.765,35
Shotts,2021-02-15,4.794,,4.748,5
Skellyton,2021-02-15,4.649,,5.305,3
Springfield,2021-02-15,2.664,,3.548,3
Stevenston,2021-02-15,4.606,,4.270,1
Stirling,2021-02-15,3.852,-0.396,4.113,18
Stonehouse,2021-02-15,4.368,,3.863,5
Stornoway,2021-02-15,4.124,,3.587,3
Strathaven,2021-02-15,3.308,,3.849,6
Swinstie,2021-02-15,4.516,,4.460,4
Tillicoultry,2021-02-15,5.344,,,0
Whitburn,2021-02-15,5.042,-0.076,5.090,9
Winchburgh,2021-02-15,4.218,0.719,3.773,7
Allanfearn,2021-02-22,4.514,-0.115,4.591,28
Allers,2021-02-22,4.670,-0.196,4.744,7
Alloa,2021-02-22,4.490,-0.056,4.518,9
Alva,2021-02-22,4.821,,4.853,1
Annan,2021-02-22,3.838,-0.006,3.841,15
Ardoch,2021-02-22,3.626,,4.233,1
Armadale,2021-02-22,4.570,-0.964,4.975,9
Bathgate,2021-02-22,4.594,0.017,4.581,8
Biggar,2021-02-22,2.807,,3.326,6
Blackburn,2021-02-22,4.691,0.478,4.463,8
Blackridge,2021-02-22,5.049,0.710,4.507,9
Blackwood,2021-02-22,4.971,,4.643,6
Blairgowrie,2021-02-22,3.907,,3.496,1
Boness,2021-02-22,4.992,,4.527,1
Bonnybridge,2021-02-22,4.671,,4.810,1
Bothwellbank,2021-02-22,4.406,-0.009,4.411,7
Bowhouse,2021-02-22,2.726,,3.703,4
Carbarns,2021-02-22,4.684,-0.061,4.724,26
Coldstream,2021-02-22,4.581,,4.124,2
Cumnock,2021-02-22,4.879,,4.933,1
Cupar,2021-02-22,4.019,,3.060,4
Dalbeattie,2021-02-22,3.489,0.479,3.256,12
Daldowie,2021-02-22,4.396,,4.837,6
Dalmarnock,2021-02-22,4.719,,4.586,2
Dalmuir,2021-02-22,4.564,-0.210,4.695,28
Denny,2021-02-22,4.323,,4.536,1
Dunbar,2021-02-22,4.260,,3.378,1
Dunfermline,2021-02-22,4.327,0.056,4.281,28
Dunnswood,2021-02-22,3.834,,5.103,4
Duns,2021-02-22,3.355,,3.400,2
East Calder,2021-02-22,4.662,-0.434,4.801,9
Fairlie,2021-02-22,3.542,,4.339,1
Falkirk,2021-02-22,4.687,-0.274,4.893,21
Fauldhouse,2021-02-22,4.643,1.080,4.124,9
Fraserburgh,2021-02-22,4.705,,4.565,4
Girvan,2021-02-22,3.141,,3.462,1
Guardbridge,2021-02-22,2.948,,3.324,2
Hamilton,2021-02-22,4.764,0.157,4.665,23
Harthill,2021-02-22,3.229,,4.369,6
Hatton,2021-02-22,3.942,-0.625,4.297,25
Helensburgh,2021-02-22,4.751,0.276,4.580,19
Inverclyde,2021-02-22,4.123,-0.207,4.212,10
Ironmill Bay,2021-02-22,3.777,,3.581,3
Kincardine,2021-02-22,4.566,,4.910,4
Kirkcaldy,2021-02-22,4.726,,4.407,4
Kirkwall,2021-02-22,3.542,1.020,2.959,13
Lanark,2021-02-22,5.267,,4.601,6
Largs,2021-02-22,3.781,,4.328,2
Lesmahagow,2021-02-22,5.794,,4.957,4
Levenmouth,2021-02-22,4.174,-0.063,4.219,28
Linlithgow,2021-02-22,3.117,-1.830,3.857,9
Lossiemouth,2021-02-22,4.191,,3.849,2
Mauldslie,2021-02-22,4.255,-1.081,4.689,7
Meadowhead,2021-02-22,4.271,-0.747,4.746,22
Muirkirk,2021-02-22,3.462,,4.046,2
Nairn,2021-02-22,3.458,-0.453,3.788,16
Neilston,2021-02-22,3.264,,3.432,1
New Cumnock,2021-02-22,4.530,,4.478,6
Newburgh,2021-02-22,4.246,,3.286,3
Newport & Tayport,2021-02-22,4.092,,3.341,4
Newtown St Boswell,2021-02-22,3.817,,3.249,1
Nigg,2021-02-22,4.029,-0.426,4.309,29
Paisley,2021-02-22,4.397,,4.606,1
Peebles,2021-02-22,3.339,-0.677,3.533,19
Penicuik,2021-02-22,3.295,,5.268,1
Perth,2021-02-22,4.443,,4.377,1
Peterhead,2021-02-22,3.479,,3.818,4
Philipshill,2021-02-22,4.073,-0.673,4.541,27
Seafield,2021-02-22,4.456,-0.464,4.739,22
Shieldhall,2021-02-22,4.476,-0.296,4.705,36
Shotts,2021-02-22,4.664,,4.766,6
Skellyton,2021-02-22,3.765,,5.047,4
Springfield,2021-02-22,3.245,,3.200,4
St Andrews,2021-02-22,4.731,,4.039,2
Stevenston,2021-02-22,4.419,,4.402,2
Stonehouse,2021-02-22,4.067,,4.054,6
Strathaven,2021-02-22,4.889,2.569,3.636,7
Swinstie,2021-02-22,3.880,,4.482,5
Tillicoultry,2021-02-22,4.406,,5.344,1
Troqueer,2021-02-22,3.408,-1.549,4.256,18
Whitburn,2021-02-22,4.707,-0.600,5.071,10
Winchburgh,2021-02-22,4.695,1.251,3.948,8
Allanfearn,2021-03-01,4.040,-0.777,4.561,29
Allers,2021-03-01,4.179,-1.513,4.715,8
Alloa,2021-03-01,4.239,-0.572,4.507,10
Alva,2021-03-01,4.169,,4.841,2
Annan,2021-03-01,1.000,-4.742,3.840,16
Ardoch,2021-03-01,3.640,,3.994,2
Armadale,2021-03-01,4.130,-1.712,4.816,10
Bathgate,2021-03-01,4.645,0.082,4.586,9
Biggar,2021-03-01,3.180,0.057,3.122,7
Blackburn,2021-03-01,4.136,-0.886,4.553,9
Blackridge,2021-03-01,3.985,-0.931,4.720,10
Blackwood,2021-03-01,3.675,-2.119,4.772,7
Blairgowrie,2021-03-01,3.417,,3.657,2
Boness,2021-03-01,3.428,,4.710,2
Bonnybridge,2021-03-01,4.852,,4.756,2
Bothwellbank,2021-03-01,4.386,-0.052,4.409,8
Bowhouse,2021-03-01,3.435,,3.318,5
Carbarns,2021-03-01,4.340,-0.571,4.709,27
Coldstream,2021-03-01,4.727,,4.304,3
Cumnock,2021-03-01,4.630,,4.912,2
Cupar,2021-03-01,3.904,,3.437,5
Dalbeattie,2021-03-01,4.603,2.693,3.347,13
Daldowie,2021-03-01,4.833,0.373,4.664,7
Dalmarnock,2021-03-01,4.860,,4.638,3
Dalmuir,2021-03-01,4.262,-0.625,4.643,29
Dalscone,2021-03-01,3.088,-1.107,3.715,14
Denny,2021-03-01,4.462,,4.452,2
Dunbar,2021-03-01,4.694,,3.725,2
Dunfermline,2021-03-01,4.546,0.303,4.299,29
Dunnswood,2021-03-01,4.842,,4.603,5
Duns,2021-03-01,2.917,,3.382,3
East Calder,2021-03-01,4.404,-1.122,4.746,10
Fairlie,2021-03-01,3.104,,4.025,2
Falkirk,2021-03-01,3.834,-1.313,4.812,22
Fauldhouse,2021-03-01,5.033,1.490,4.328,10
Fort William,2021-03-01,4.118,11.011,3.055,18
Fraserburgh,2021-03-01,4.798,,4.620,5
Galashiels,2021-03-01,2.967,-0.584,3.314,18
Guardbridge,2021-03-01,4.066,,3.176,3
Hamilton,2021-03-01,4.215,-0.788,4.704,24
Harthill,2021-03-01,4.666,0.833,3.946,7
Hatton,2021-03-01,4.180,0.041,4.157,26
Hawick,2021-03-01,2.550,-2.201,4.045,25
Helensburgh,2021-03-01,4.652,0.007,4.648,20
Inverclyde,2021-03-01,4.215,0.090,4.177,11
Ironmill Bay,2021-03-01,4.322,,3.658,4
Kincardine,2021-03-01,4.077,,4.774,5
Kirkcaldy,2021-03-01,4.261,,4.532,5
Kirkwall,2021-03-01,2.579,-1.094,3.189,14
Lanark,2021-03-01,4.809,0.186,4.741,7
Largs,2021-03-01,4.537,,4.113,3
Lerwick,2021-03-01,1.000,-3.733,3.502,8
Lesmahagow,2021-03-01,4.705,,5.287,5
Levenmouth,2021-03-01,4.059,-0.204,4.201,29
Linlithgow,2021-03-01,2.812,-1.726,3.658,10
Lockerbie,2021-03-01,1.000,-5.320,3.452,20
Lossiemouth,2021-03-01,3.694,,3.983,3
Mauldslie,2021-03-01,4.555,0.091,4.518,8
Maybole,2021-03-01,2.644,,3.454,5
Meadowhead,2021-03-01,4.315,-0.393,4.559,23
Muirkirk,2021-03-01,3.878,,3.816,3
Nairn,2021-03-01,2.641,-1.441,3.658,17
Neilston,2021-03-01,3.834,,3.366,2
New Cumnock,2021-03-01,4.460,-0.058,4.498,7
Newburgh,2021-03-01,3.661,,3.663,4
Newport & Tayport,2021-03-01,3.586,,3.637,5
Newtown St Boswell,2021-03-01,3.543,,3.472,2
Nigg,2021-03-01,3.806,-0.611,4.199,30
Paisley,2021-03-01,4.603,,4.524,2
Peebles,2021-03-01,2.667,-2.781,3.457,20
Penicuik,2021-03-01,4.308,,4.492,2
Perth,2021-03-01,3.840,,4.403,2
Peterhead,2021-03-01,2.690,,3.685,5
Philipshill,2021-03-01,4.379,0.032,4.357,28
Seafield,2021-03-01,4.447,-0.305,4.628,23
Shieldhall,2021-03-01,4.758,0.189,4.615,37
Shotts,2021-03-01,4.245,-1.270,4.726,7
Skellyton,2021-03-01,5.291,,4.542,5
Springfield,2021-03-01,3.184,,3.218,5
St Andrews,2021-03-01,3.544,,4.311,3
Stevenston,2021-03-01,4.141,,4.409,3
Stirling,2021-03-01,3.903,-0.166,4.010,19
Stonehouse,2021-03-01,3.563,-1.412,4.059,7
Stornoway,2021-03-01,3.030,,3.798,4
Strathaven,2021-03-01,4.589,1.248,3.876,8
Swinstie,2021-03-01,4.219,,4.322,6
Tillicoultry,2021-03-01,4.348,,4.975,2
Troqueer,2021-03-01,3.626,-0.654,3.986,19
Whitburn,2021-03-01,4.923,-0.008,4.928,11
Winchburgh,2021-03-01,3.696,-0.863,4.241,9
Allanfearn,2021-03-08,4.577,0.338,4.356,30
Allers,2021-03-08,3.335,-3.107,4.541,9
Alloa,2021-03-08,4.522,0.267,4.402,11
Alva,2021-03-08,4.369,,4.576,3
Annan,2021-03-08,4.391,1.412,3.545,17
Ardoch,2021-03-08,4.393,,3.855,3
Armadale,2021-03-08,4.479,-0.331,4.619,11
Bathgate,2021-03-08,3.867,-1.088,4.609,10
Biggar,2021-03-08,4.809,1.752,3.145,8
Blackburn,2021-03-08,4.001,-0.868,4.389,10
Blackridge,2021-03-08,2.787,-2.192,4.431,11
Blackwood,2021-03-08,2.802,-2.729,4.517,8
Boness,2021-03-08,3.454,,4.206,3
Bonnybridge,2021-03-08,4.083,,4.794,3
Bothwellbank,2021-03-08,4.039,-0.885,4.400,9
Bowhouse,2021-03-08,3.591,,3.364,6
Carbarns,2021-03-08,4.601,0.060,4.563,28
Coldstream,2021-03-08,3.539,,4.470,4
Cumnock,2021-03-08,4.096,,4.801,3
Cupar,2021-03-08,3.894,,3.621,6
Dalbeattie,2021-03-08,3.135,-0.802,3.577,14
Daldowie,2021-03-08,4.485,-0.583,4.730,8
Dalmarnock,2021-03-08,4.359,,4.726,4
Dalmuir,2021-03-08,4.344,-0.249,4.493,30
Dalscone,2021-03-08,3.216,-0.453,3.468,15
Denny,2021-03-08,4.177,,4.456,3
Dunbar,2021-03-08,4.440,,4.106,3
Dunfermline,2021-03-08,4.357,-0.050,4.397,30
Dunnswood,2021-03-08,4.448,,4.697,6
Duns,2021-03-08,2.974,,3.199,4
East Calder,2021-03-08,4.724,0.361,4.612,11
Fairlie,2021-03-08,3.853,,3.663,3
Falkirk,2021-03-08,4.553,0.147,4.446,23
Fauldhouse,2021-03-08,4.119,-0.874,4.561,11
Fort William,2021-03-08,2.964,-1.437,3.102,19
Fraserburgh,2021-03-08,4.741,,4.690,6
Galashiels,2021-03-08,3.037,-0.236,3.177,19
Girvan,2021-03-08,3.342,,3.336,2
Guardbridge,2021-03-08,2.967,,3.527,4
Hamilton,2021-03-08,4.587,0.125,4.511,25
Harthill,2021-03-08,4.422,0.232,4.229,8
Hatton,2021-03-08,4.002,-0.302,4.166,27
Hawick,2021-03-08,3.113,-0.816,3.711,26
Helensburgh,2021-03-08,4.139,-0.832,4.649,21
Inverclyde,2021-03-08,3.401,-1.910,4.192,12
Ironmill Bay,2021-03-08,4.356,,3.919,5
Kincardine,2021-03-08,4.434,,4.510,6
Kirkcaldy,2021-03-08,3.956,,4.425,6
Lanark,2021-03-08,4.766,-0.006,4.767,8
Largs,2021-03-08,4.376,,4.280,4
Lerwick,2021-03-08,1.000,-2.087,3.172,9
Lesmahagow,2021-03-08,4.295,,5.058,6
Levenmouth,2021-03-08,4.058,-0.128,4.145,30
Linlithgow,2021-03-08,3.888,0.804,3.417,11
Lockerbie,2021-03-08,3.340,0.249,3.226,21
Lossiemouth,2021-03-08,3.623,,3.870,4
Mauldslie,2021-03-08,4.158,-0.978,4.533,9
Meadowhead,2021-03-08,4.324,-0.230,4.463,24
Muirkirk,2021-03-08,3.487,,3.840,4
Neilston,2021-03-08,4.613,,3.550,3
New Cumnock,2021-03-08,3.820,-1.093,4.483,8
Newburgh,2021-03-08,3.840,,3.663,5
Newport & Tayport,2021-03-08,4.367,,3.617,6
Newtown St Boswell,2021-03-08,4.059,,3.500,3
Nigg,2021-03-08,4.003,-0.065,4.044,31
Paisley,2021-03-08,4.785,,4.555,3
Peebles,2021-03-08,2.508,-2.354,3.317,21
Penicuik,2021-03-08,3.770,,4.420,3
Perth,2021-03-08,4.101,,4.182,3
Peterhead,2021-03-08,2.997,,3.405,6
Philipshill,2021-03-08,4.387,0.032,4.366,29
Seafield,2021-03-08,4.383,-0.299,4.556,24
Shieldhall,2021-03-08,4.461,-0.282,4.671,38
Shotts,2021-03-08,4.709,0.441,4.540,8
Skellyton,2021-03-08,3.831,,4.837,6
Springfield,2021-03-08,3.509,,3.205,6
St Andrews,2021-03-08,3.242,,4.009,4
Stevenston,2021-03-08,3.672,,4.303,4
Stirling,2021-03-08,4.501,0.849,3.968,20
Stonehouse,2021-03-08,2.637,-3.414,3.886,8
Strathaven,2021-03-08,3.588,-1.003,4.157,9
Swinstie,2021-03-08,4.433,0.417,4.282,7
Tillicoultry,2021-03-08,3.456,,4.728,3
Troqueer,2021-03-08,3.578,-0.490,3.845,20
Whitburn,2021-03-08,4.839,-0.157,4.926,12
Winchburgh,2021-03-08,4.544,0.863,4.027,10
Allanfearn,2021-03-15,4.219,-0.341,4.443,31
Allers,2021-03-15,3.523,-1.452,4.350,10
Alloa,2021-03-15,4.466,0.038,4.449,12
Alva,2021-03-15,3.764,,4.495,4
Annan,2021-03-15,3.762,-0.126,3.840,18
Ardoch,2021-03-15,3.965,,4.067,4
Armadale,2021-03-15,4.265,-0.736,4.564,12
Bathgate,2021-03-15,4.137,-0.272,4.317,11
Biggar,2021-03-15,2.617,-0.979,3.612,9
Blackburn,2021-03-15,4.098,-0.319,4.236,11
Blackridge,2021-03-15,3.499,-0.693,4.062,12
Blackwood,2021-03-15,3.299,-1.058,4.208,9
Blairgowrie,2021-03-15,5.106,,3.563,3
Boness,2021-03-15,4.224,,3.910,4
Bonnybridge,2021-03-15,4.259,,4.514,4
Bothwellbank,2021-03-15,4.179,-0.194,4.258,10
Bowhouse,2021-03-15,2.916,-0.854,3.454,7
Carbarns,2021-03-15,4.666,0.142,4.578,29
Coldstream,2021-03-15,2.953,,4.104,5
Cumnock,2021-03-15,4.131,,4.523,4
Cupar,2021-03-15,4.494,1.497,3.728,7
Dalbeattie,2021-03-15,3.467,0.119,3.403,15
Daldowie,2021-03-15,4.417,-0.521,4.634,9
Dalmarnock,2021-03-15,4.662,,4.581,5
Dalmuir,2021-03-15,4.487,0.091,4.435,31
Dalscone,2021-03-15,3.422,0.098,3.369,16
Denny,2021-03-15,4.768,,4.346,4
Dunbar,2021-03-15,3.826,,4.237,4
Dunfermline,2021-03-15,4.192,-0.240,4.381,31
Dunnswood,2021-03-15,4.467,-0.253,4.599,7
Duns,2021-03-15,1.000,,3.111,5
East Calder,2021-03-15,4.974,1.072,4.656,12
Fairlie,2021-03-15,3.140,,3.738,4
Falkirk,2021-03-15,4.108,-0.531,4.488,24
Fauldhouse,2021-03-15,4.446,0.121,4.387,12
Forfar,2021-03-15,3.951,,,0
Fort William,2021-03-15,3.135,0.836,3.055,20
Fraserburgh,2021-03-15,4.299,-2.396,4.710,7
Galashiels,2021-03-15,3.065,-0.095,3.122,20
Girvan,2021-03-15,2.600,,3.338,3
Guardbridge,2021-03-15,1.000,,3.306,5
Hamilton,2021-03-15,4.221,-0.540,4.541,26
Harthill,2021-03-15,3.321,-1.258,4.305,9
Hatton,2021-03-15,4.184,0.155,4.102,28
Hawick,2021-03-15,2.649,-1.122,3.476,27
Helensburgh,2021-03-15,4.388,-0.101,4.448,22
Inverclyde,2021-03-15,4.024,0.073,3.988,13
Ironmill Bay,2021-03-15,4.112,,4.091,6
Kincardine,2021-03-15,5.171,1.262,4.480,7
Kirkcaldy,2021-03-15,4.747,1.530,4.296,7
Kirkwall,2021-03-15,1.000,-3.480,2.949,15
Lanark,2021-03-15,3.495,-3.946,4.767,9
Largs,2021-03-15,2.997,,4.318,5
Lerwick,2021-03-15,1.000,-1.377,2.660,10
Lesmahagow,2021-03-15,3.542,-1.924,4.758,7
Levenmouth,2021-03-15,4.193,0.123,4.111,31
Linlithgow,2021-03-15,3.587,-0.028,3.602,12
Lockerbie,2021-03-15,2.711,-1.244,3.271,22
Lossiemouth,2021-03-15,3.109,,3.773,5
Mauldslie,2021-03-15,3.886,-1.269,4.385,10
Maybole,2021-03-15,4.413,,3.142,6
Meadowhead,2021-03-15,4.190,-0.370,4.408,25
Muirkirk,2021-03-15,1.000,,3.701,5
Nairn,2021-03-15,3.688,0.523,3.311,18
Neilston,2021-03-15,3.388,,3.968,4
New Cumnock,2021-03-15,3.736,-0.781,4.222,9
Newburgh,2021-03-15,2.885,,3.732,6
Newport & Tayport,2021-03-15,3.209,-1.260,3.795,7
Newtown St Boswell,2021-03-15,1.000,,3.720,4
Nigg,2021-03-15,4.181,0.249,4.028,32
Paisley,2021-03-15,4.412,,4.645,4
Peebles,2021-03-15,1.000,-5.346,3.148,22
Penicuik,2021-03-15,4.644,,4.164,4
Persley - Northfield,2021-03-15,4.618,,,0
Perth,2021-03-15,4.155,,4.150,4
Peterhead,2021-03-15,3.114,-0.191,3.245,7
Philipshill,2021-03-15,4.162,-0.325,4.374,30
Seafield,2021-03-15,4.228,-0.460,4.488,25
Shieldhall,2021-03-15,4.565,-0.033,4.589,39
Shotts,2021-03-15,4.455,-0.421,4.606,9
Skellyton,2021-03-15,3.891,-0.845,4.513,7
Springfield,2021-03-15,4.329,2.528,3.324,7
St Andrews,2021-03-15,4.306,,3.708,5
Stevenston,2021-03-15,3.833,,4.055,5
Stirling,2021-03-15,3.568,-0.968,4.178,21
Stonehouse,2021-03-15,4.085,0.673,3.706,9
Strathaven,2021-03-15,3.769,-0.294,3.933,10
Swinstie,2021-03-15,4.432,0.269,4.341,8
Tillicoultry,2021-03-15,3.652,,4.228,4
Troqueer,2021-03-15,3.572,-0.314,3.740,21
Whitburn,2021-03-15,3.728,-2.203,4.892,13
Winchburgh,2021-03-15,4.501,0.449,4.230,11
Allanfearn,2021-03-22,4.494,0.216,4.355,32
Allers,2021-03-22,3.568,-0.801,4.070,11
Alloa,2021-03-22,4.458,0.006,4.456,13
Alva,2021-03-22,3.807,,4.207,5
Annan,2021-03-22,2.855,-1.598,3.809,19
Ardoch,2021-03-22,4.076,,4.027,5
Armadale,2021-03-22,4.161,-0.707,4.446,13
Bathgate,2021-03-22,3.892,-0.557,4.246,12
Biggar,2021-03-22,2.969,-0.252,3.221,10
Blackburn,2021-03-22,4.425,0.588,4.182,12
Blackridge,2021-03-22,3.878,0.047,3.841,13
Blackwood,2021-03-22,3.947,0.109,3.850,10
Blairgowrie,2021-03-22,4.915,,4.170,4
Boness,2021-03-22,3.912,,4.034,5
Bonnybridge,2021-03-22,4.511,,4.413,5
Bothwellbank,2021-03-22,3.927,-0.768,4.227,11
Bowhouse,2021-03-22,2.782,-0.728,3.242,8
Carbarns,2021-03-22,4.514,-0.165,4.613,30
Coldstream,2021-03-22,2.761,,3.848,6
Cumnock,2021-03-22,4.477,,4.369,5
Cupar,2021-03-22,3.054,-1.570,3.980,8
Dalbeattie,2021-03-22,4.660,2.368,3.428,16
Daldowie,2021-03-22,4.484,-0.155,4.548,10
Dalmarnock,2021-03-22,4.431,,4.613,6
Dalmuir,2021-03-22,4.389,-0.117,4.455,32
Dalscone,2021-03-22,3.953,1.071,3.390,17
Denny,2021-03-22,4.787,,4.512,5
Dunbar,2021-03-22,3.220,,4.075,5
Dunfermline,2021-03-22,4.196,-0.144,4.307,32
Dunnswood,2021-03-22,3.867,-1.370,4.547,8
East Calder,2021-03-22,4.723,-0.201,4.781,13
Eyemouth,2021-03-22,3.433,,,0
Falkirk,2021-03-22,4.479,0.201,4.338,25
Fauldhouse,2021-03-22,3.651,-1.627,4.410,13
Forfar,2021-03-22,4.047,,3.951,1
Fort William,2021-03-22,3.208,0.990,3.087,21
Fraserburgh,2021-03-22,4.088,-2.714,4.626,8
Galashiels,2021-03-22,3.576,0.806,3.100,21
Guardbridge,2021-03-22,2.887,,3.084,6
Hamilton,2021-03-22,4.596,0.310,4.415,27
Harthill,2021-03-22,4.150,0.293,3.920,10
Hatton,2021-03-22,4.249,0.222,4.134,29
Hawick,2021-03-22,3.018,-0.173,3.150,28
Helensburgh,2021-03-22,4.460,0.060,4.425,23
Inverclyde,2021-03-22,3.704,-0.613,4.002,14
Ironmill Bay,2021-03-22,3.973,-0.290,4.099,7
Kelso,2021-03-22,2.510,,,0
Kincardine,2021-03-22,3.644,-2.077,4.750,8
Kirkcaldy,2021-03-22,4.522,0.262,4.441,8
Lanark,2021-03-22,3.756,-2.643,4.608,10
Levenmouth,2021-03-22,4.335,0.296,4.143,32
Linlithgow,2021-03-22,3.621,0.047,3.596,13
Lossiemouth,2021-03-22,3.832,,3.646,6
Mauldslie,2021-03-22,4.304,0.260,4.192,11
Meadowhead,2021-03-22,4.395,0.126,4.322,26
Muirkirk,2021-03-22,3.939,,3.478,6
Nairn,2021-03-22,3.071,-0.554,3.459,19
Neilston,2021-03-22,3.348,,3.740,5
New Cumnock,2021-03-22,3.624,-0.641,4.031,10
Newburgh,2021-03-22,3.179,-0.640,3.501,7
Newport & Tayport,2021-03-22,3.796,0.504,3.566,8
Nigg,2021-03-22,4.169,0.135,4.088,33
Paisley,2021-03-22,4.561,,4.554,5
Penicuik,2021-03-22,4.151,,4.353,5
Persley - Northfield,2021-03-22,3.813,,4.618,1
Perth,2021-03-22,3.929,,4.152,5
Peterhead,2021-03-22,2.998,-0.297,3.193,8
Philipshill,2021-03-22,4.313,0.035,4.291,31
Seafield,2021-03-22,4.375,-0.019,4.386,26
Shieldhall,2021-03-22,4.487,-0.129,4.579,40
Shotts,2021-03-22,4.682,0.393,4.547,10
Springfield,2021-03-22,3.917,0.767,3.520,8
St Andrews,2021-03-22,4.316,,3.943,6
Stevenston,2021-03-22,4.128,,3.968,6
Stirling,2021-03-22,4.244,0.497,3.938,22
Stonehouse,2021-03-22,3.085,-1.435,3.855,10
Strathaven,2021-03-22,4.211,0.640,3.868,11
Swinstie,2021-03-22,5.121,2.366,4.377,9
Tillicoultry,2021-03-22,3.683,,4.001,5
Troqueer,2021-03-22,3.369,-0.575,3.674,22
Whitburn,2021-03-22,3.848,-1.354,4.632,14
Winchburgh,2021-03-22,4.264,-0.122,4.337,12
Allanfearn,2021-03-29,3.120,-2.024,4.410,33
Allers,2021-03-29,3.950,0.119,3.872,12
Alloa,2021-03-29,4.358,-0.248,4.457,14
Alva,2021-03-29,3.727,,4.050,6
Ardoch,2021-03-29,3.556,,4.046,6
Armadale,2021-03-29,3.467,-2.129,4.334,14
Bathgate,2021-03-29,4.581,0.765,4.107,13
Blackburn,2021-03-29,4.207,-0.176,4.278,13
Blackridge,2021-03-29,4.386,0.698,3.855,14
Blackwood,2021-03-29,3.787,-0.119,3.888,11
Blairgowrie,2021-03-29,4.479,,4.463,5
Boness,2021-03-29,3.539,,3.986,6
Bonnybridge,2021-03-29,4.616,,4.452,6
Bothwellbank,2021-03-29,3.868,-0.610,4.109,12
Bowhouse,2021-03-29,2.833,-0.357,3.061,9
Carbarns,2021-03-29,4.584,0.017,4.574,31
Cumnock,2021-03-29,3.978,,4.412,6
Cupar,2021-03-29,3.084,-1.039,3.690,9
Dalbeattie,2021-03-29,2.733,-1.639,3.684,17
Daldowie,2021-03-29,4.189,-0.825,4.523,11
Dalmuir,2021-03-29,4.136,-0.530,4.429,33
Denny,2021-03-29,4.833,,4.620,6
Dunbar,2021-03-29,2.953,,3.819,6
Dunblane,2021-03-29,2.919,,,0
Dunfermline,2021-03-29,4.021,-0.323,4.263,33
Dunnswood,2021-03-29,3.510,-1.446,4.303,9
Duns,2021-03-29,2.847,,2.939,6
East Calder,2021-03-29,4.737,-0.075,4.758,14
Eyemouth,2021-03-29,3.409,,3.433,1
Fairlie,2021-03-29,2.788,,3.502,5
Falkirk,2021-03-29,4.432,0.056,4.394,26
Fauldhouse,2021-03-29,3.559,-1.287,4.180,14
Forfar,2021-03-29,4.417,,3.989,2
Fraserburgh,2021-03-29,4.240,-1.154,4.528,9
Galashiels,2021-03-29,2.687,-1.041,3.287,22
Girvan,2021-03-29,3.097,,3.048,4
Guardbridge,2021-03-29,3.902,2.023,3.006,7
Hamilton,2021-03-29,4.477,-0.017,4.486,28
Hatton,2021-03-29,4.310,0.257,4.179,30
Hawick,2021-03-29,3.327,0.298,3.098,29
Helensburgh,2021-03-29,4.432,-0.010,4.438,24
Inverclyde,2021-03-29,3.408,-0.955,3.885,15
Ironmill Bay,2021-03-29,4.786,1.830,4.050,8
Kincardine,2021-03-29,3.671,-1.311,4.488,9
Kirkcaldy,2021-03-29,4.741,0.921,4.473,9
Kirkwall,2021-03-29,2.853,0.235,2.673,16
Lanark,2021-03-29,4.038,-0.966,4.450,11
Largs,2021-03-29,3.258,,4.174,6
Lesmahagow,2021-03-29,3.371,-1.438,4.447,8
Levenmouth,2021-03-29,4.174,-0.071,4.219,33
Linlithgow,2021-03-29,4.075,0.895,3.606,14
Lossiemouth,2021-03-29,3.986,0.776,3.719,7
Mauldslie,2021-03-29,4.227,-0.022,4.236,12
Maybole,2021-03-29,3.014,-0.647,3.486,7
Meadowhead,2021-03-29,4.175,-0.312,4.351,27
Nairn,2021-03-29,2.902,-0.585,3.306,20
Newburgh,2021-03-29,3.751,0.788,3.374,8
Newport & Tayport,2021-03-29,2.294,-3.154,3.657,9
Nigg,2021-03-29,3.864,-0.439,4.120,34
Paisley,2021-03-29,3.563,,4.556,6
Penicuik,2021-03-29,3.664,,4.274,6
Persley - Northfield,2021-03-29,2.296,,4.301,2
Perth,2021-03-29,3.589,,4.064,6
Peterhead,2021-03-29,3.001,-0.181,3.116,9
Philipshill,2021-03-29,4.257,-0.068,4.299,32
Seafield,2021-03-29,4.103,-0.520,4.382,27
Selkirk,2021-03-29,3.247,,,0
Shieldhall,2021-03-29,4.156,-0.554,4.543,41
Shieldhall - Barrhead,2021-03-29,4.110,,,0
Shieldhall - Gorbals,2021-03-29,3.717,,,0
Shotts,2021-03-29,3.740,-2.630,4.600,11
Skellyton,2021-03-29,3.347,-1.224,4.268,8
Springfield,2021-03-29,4.381,1.379,3.676,9
St Andrews,2021-03-29,4.620,0.995,4.090,7
Stevenston,2021-03-29,4.016,-0.046,4.031,7
Stirling,2021-03-29,3.716,-0.562,4.058,23
Stonehouse,2021-03-29,3.548,-0.078,3.591,11
Strathaven,2021-03-29,4.025,0.042,4.003,12
Swinstie,2021-03-29,4.798,0.710,4.531,10
Tillicoultry,2021-03-29,4.458,,3.876,6
Troqueer,2021-03-29,3.699,0.273,3.554,23
Whitburn,2021-03-29,3.749,-0.997,4.347,15
Winchburgh,2021-03-29,3.195,-1.932,4.308,13
Allanfearn,2021-04-05,3.959,-0.212,4.096,34
Allers,2021-04-05,3.586,-0.496,3.903,13
Alloa,2021-04-05,4.530,0.291,4.418,15
Alva,2021-04-05,3.651,-0.561,3.923,7
Ardoch,2021-04-05,3.523,-1.128,3.893,7
Armadale,2021-04-05,4.063,-0.146,4.134,15
Blackburn,2021-04-05,4.255,0.014,4.250,14
Blackridge,2021-04-05,5.100,1.399,4.064,15
Blairgowrie,2021-04-05,4.222,,4.469,6
Boness,2021-04-05,3.997,0.312,3.810,7
Bonnybridge,2021-04-05,3.947,-2.009,4.516,7
Bothwellbank,2021-04-05,3.912,-0.254,4.014,13
Carbarns,2021-04-05,4.457,-0.211,4.578,32
Cumnock,2021-04-05,3.876,-0.944,4.241,7
Cupar,2021-04-05,3.037,-0.726,3.451,10
Daldowie,2021-04-05,3.994,-0.943,4.392,12
Dalmarnock,2021-04-05,3.944,-2.377,4.542,7
Dalmuir,2021-04-05,4.349,0.065,4.314,34
Dalmuir - Auchinairn (6298),2021-04-05,3.125,,,0
Dalmuir - Auchinairn (6330),2021-04-05,3.744,,,0
Dalmuir - Clydebank,2021-04-05,3.641,,,0
Denny,2021-04-05,5.263,2.213,4.704,7
Dunbar,2021-04-05,3.369,-0.237,3.527,7
Dunblane,2021-04-05,3.504,,2.919,1
Dunfermline,2021-04-05,4.259,0.124,4.168,34
Dunnswood,2021-04-05,4.022,-0.018,4.034,10
East Calder,2021-04-05,4.712,-0.138,4.750,15
Eyemouth,2021-04-05,2.577,,3.424,2
Falkirk,2021-04-05,3.995,-0.616,4.409,27
Forfar,2021-04-05,3.509,,4.157,3
Fraserburgh,2021-04-05,3.038,-5.433,4.415,10
Girvan,2021-04-05,3.685,,3.067,5
Guardbridge,2021-04-05,3.051,-0.366,3.224,8
Hamilton,2021-04-05,4.240,-0.437,4.483,29
Hatton,2021-04-05,4.266,0.071,4.231,31
Hawick,2021-04-05,2.943,-0.324,3.188,30
Helensburgh,2021-04-05,4.696,0.462,4.436,25
Inverclyde,2021-04-05,3.857,0.299,3.697,16
Inverclyde - Gourock,2021-04-05,4.545,,,0
Ironmill Bay,2021-04-05,3.415,-1.760,4.248,9
Kincardine,2021-04-05,4.076,-0.159,4.181,10
Kirkcaldy,2021-04-05,4.425,-0.520,4.578,10
Lanark,2021-04-05,4.349,0.140,4.288,12
Largs,2021-04-05,4.459,0.873,4.030,7
Levenmouth,2021-04-05,4.270,0.111,4.201,34
Linlithgow,2021-04-05,3.240,-1.083,3.791,15
Lossiemouth,2021-04-05,3.997,0.523,3.824,8
Mauldslie,2021-04-05,4.261,0.070,4.232,13
Meadowhead,2021-04-05,4.212,-0.127,4.282,28
Muirkirk,2021-04-05,4.146,1.173,3.659,7
Nairn,2021-04-05,3.820,0.980,3.147,21
Neilston,2021-04-05,2.878,,3.586,6
Newburgh,2021-04-05,2.179,-2.929,3.522,9
Nigg,2021-04-05,4.035,0.028,4.019,35
Paisley,2021-04-05,3.566,-6.416,4.486,7
Paisley - Blackhall,2021-04-05,4.402,,,0
Paisley - Brediland,2021-04-05,3.975,,,0
Persley - Northfield,2021-04-05,4.051,,3.512,3
Perth,2021-04-05,3.649,-0.988,3.947,7
Peterhead,2021-04-05,2.992,-0.129,3.071,10
Philipshill,2021-04-05,4.066,-0.357,4.283,33
Seafield,2021-04-05,3.901,-0.704,4.272,28
Selkirk,2021-04-05,3.370,,3.247,1
Shieldhall,2021-04-05,4.266,-0.184,4.391,42
Shieldhall - Barrhead,2021-04-05,3.522,,4.110,1
Shieldhall - Gorbals,2021-04-05,4.132,,3.717,1
Shotts,2021-04-05,3.998,-1.095,4.439,12
Skellyton,2021-04-05,3.783,-0.147,3.905,9
Springfield,2021-04-05,4.162,0.419,3.928,10
St Andrews,2021-04-05,4.505,0.385,4.298,8
Stevenston,2021-04-05,3.830,-0.645,4.025,8
Stirling,2021-04-05,4.215,0.490,3.924,24
Stonehouse,2021-04-05,3.380,-0.360,3.574,12
Strathaven,2021-04-05,4.015,0.007,4.012,13
Swinstie,2021-04-05,4.326,-0.839,4.636,11
Tillicoultry,2021-04-05,3.867,-0.363,4.105,7
Whitburn,2021-04-05,3.994,-0.190,4.112,16
Winchburgh,2021-04-05,2.699,-2.228,4.025,14
Allanfearn,2021-04-12,3.428,-0.971,4.042,35
Allers,2021-04-12,4.184,0.626,3.778,14
Alloa,2021-04-12,4.303,-0.429,4.462,16
Alva,2021-04-12,3.398,-0.851,3.816,8
Annan,2021-04-12,3.190,-0.537,3.516,20
Ardoch,2021-04-12,3.318,-1.279,3.748,8
Armadale,2021-04-12,3.240,-1.784,4.106,16
Banchory,2021-04-12,2.642,,,0
Banff,2021-04-12,2.667,,,0
Bathgate,2021-04-12,3.374,-1.530,4.293,14
Blackburn,2021-04-12,3.979,-0.736,4.252,15
Blackridge,2021-04-12,5.608,1.538,4.428,16
Boness,2021-04-12,3.671,-0.382,3.883,8
Bonnybridge,2021-04-12,3.525,-2.530,4.377,8
Bothwellbank,2021-04-12,3.916,-0.146,3.974,14
Carbarns,2021-04-12,4.698,0.301,4.530,33
Cumnock,2021-04-12,3.476,-1.511,4.097,8
Cupar,2021-04-12,3.598,0.552,3.289,11
Daldowie,2021-04-12,4.592,0.791,4.235,13
Dalmarnock,2021-04-12,4.364,-0.162,4.418,8
Dalmuir,2021-04-12,4.349,0.040,4.328,35
Dalmuir - Auchinairn (6298),2021-04-12,3.352,,3.125,1
Dalmuir - Auchinairn (6330),2021-04-12,3.891,,3.744,1
Dalmuir - Clydebank,2021-04-12,4.201,,3.641,1
Denny,2021-04-12,4.446,-1.116,4.828,8
Dunblane,2021-04-12,3.171,,3.149,2
Dunnswood,2021-04-12,4.301,0.441,4.029,11
East Calder,2021-04-12,4.402,-1.276,4.735,16
Ellon,2021-04-12,3.916,,,0
Eyemouth,2021-04-12,2.563,,3.091,3
Falkirk,2021-04-12,3.958,-0.439,4.246,28
Fauldhouse,2021-04-12,3.022,-1.839,3.943,15
Forfar,2021-04-12,4.058,,3.902,4
Forres,2021-04-12,3.064,,,0
Fraserburgh,2021-04-12,3.186,-4.357,4.290,11
Galashiels,2021-04-12,3.087,0.061,3.051,23
Girvan,2021-04-12,3.551,,3.230,6
Hamilton,2021-04-12,4.308,-0.146,4.387,30
Harthill,2021-04-12,3.136,-1.177,4.011,11
Hatton,2021-04-12,4.037,-0.430,4.244,32
Helensburgh,2021-04-12,4.429,-0.196,4.538,26
Inverclyde,2021-04-12,3.559,-0.383,3.760,17
Inverclyde - Gourock,2021-04-12,4.986,,4.545,1
Inverurie,2021-04-12,3.963,,,0
Ironmill Bay,2021-04-12,3.651,-0.750,4.015,10
Kelso,2021-04-12,2.498,,2.510,1
Kincardine,2021-04-12,4.225,0.132,4.140,11
Kirkcaldy,2021-04-12,4.182,-1.203,4.518,11
Kirkwall,2021-04-12,2.986,0.327,2.744,17
Largs,2021-04-12,4.347,0.316,4.199,8
Levenmouth,2021-04-12,3.757,-0.780,4.228,35
Linlithgow,2021-04-12,3.355,-0.426,3.574,16
Lockerbie,2021-04-12,2.579,-1.007,3.051,23
Lossiemouth,2021-04-12,4.049,0.489,3.892,9
Maybole,2021-04-12,2.621,-0.960,3.301,8
Meadowhead,2021-04-12,3.984,-0.502,4.254,29
Muirkirk,2021-04-12,4.967,2.760,3.851,8
Neilston,2021-04-12,3.245,-0.160,3.333,7
Nigg,2021-04-12,4.248,0.400,4.026,36
Paisley,2021-04-12,4.020,-2.759,4.415,8
Paisley - Blackhall,2021-04-12,4.013,,4.402,1
Paisley - Brediland,2021-04-12,2.714,,3.975,1
Penicuik,2021-04-12,4.263,0.347,4.034,7
Persley - Northfield,2021-04-12,4.040,,3.724,4
Perth,2021-04-12,3.835,0.017,3.830,8
Peterhead,2021-04-12,2.571,-0.784,3.040,11
Philipshill,2021-04-12,4.400,0.339,4.198,34
Seafield,2021-04-12,3.949,-0.339,4.126,29
Shieldhall,2021-04-12,4.207,-0.202,4.341,43
Shieldhall - Barrhead,2021-04-12,3.882,,3.879,2
Shieldhall - Gorbals,2021-04-12,4.350,,3.880,2
Shotts,2021-04-12,4.361,0.230,4.265,13
Springfield,2021-04-12,3.258,-1.361,4.020,11
St Andrews,2021-04-12,3.553,-1.582,4.380,9
Stevenston,2021-04-12,3.198,-2.496,3.948,9
Stirling,2021-04-12,3.654,-0.656,4.038,25
Stirling - University,2021-04-12,2.668,,,0
Swinstie,2021-04-12,4.318,-0.551,4.514,12
Tillicoultry,2021-04-12,3.440,-0.929,4.011,8
Whitburn,2021-04-12,3.045,-1.651,4.065,17
Allanfearn,2021-04-19,3.925,0.200,3.801,36
Blackburn,2021-04-19,4.552,1.117,4.145,16
Dalmuir - Auchinairn (6298),2021-04-19,2.719,,3.215,2
Dalmuir - Auchinairn (6330),2021-04-19,3.788,,3.802,2
Fraserburgh,2021-04-19,4.344,0.704,4.165,12
Hatton,2021-04-19,3.650,-1.087,4.163,33
Hatton - Fintry East,2021-04-19,3.016,,,0
Hatton - Fintry North,2021-04-19,4.200,,,0
Hatton - Fintry West,2021-04-19,3.930,,,0
Inverclyde,2021-04-19,3.546,-0.251,3.681,18
Inverclyde - Gourock,2021-04-19,5.571,,4.719,2
Lossiemouth,2021-04-19,4.011,0.182,3.954,10
Meadowhead,2021-04-19,3.903,-0.461,4.148,30
Nigg,2021-04-19,3.553,-1.028,4.113,37
Persley - Northfield,2021-04-19,5.571,,3.848,5
Seafield,2021-04-19,3.763,-0.568,4.056,30
Stevenston,2021-04-19,3.588,-0.529,3.801,10
Stevenston - Stevenston East,2021-04-19,3.467,,,0
Stevenston - Stevenston West,2021-04-19,3.707,,,0
Allanfearn,2021-04-26,3.465,-0.630,3.850,37
Allers,2021-04-26,4.089,0.242,3.938,15
Alloa,2021-04-26,4.009,-1.076,4.399,17
Alva,2021-04-26,3.394,-0.493,3.651,9
Annan,2021-04-26,3.189,-0.334,3.388,21
Ardoch,2021-04-26,2.982,-1.648,3.583,9
Armadale,2021-04-26,3.711,-0.279,3.867,17
Banchory,2021-04-26,3.140,,2.642,1
Banff,2021-04-26,3.253,,2.667,1
Bathgate,2021-04-26,3.608,-0.622,3.998,15
Blackburn,2021-04-26,4.435,0.359,4.305,17
Blackridge,2021-04-26,3.969,-1.005,4.806,17
Blackwood,2021-04-26,2.772,-1.297,3.848,12
Blairgowrie,2021-04-26,3.054,-2.001,4.372,7
Boness,2021-04-26,3.167,-1.191,3.800,9
Bonnybridge,2021-04-26,3.181,-2.312,4.211,9
Bothwellbank,2021-04-26,3.362,-1.486,3.951,15
Bowhouse,2021-04-26,2.529,-0.699,2.972,10
Carbarns,2021-04-26,4.084,-0.942,4.596,34
Coldstream,2021-04-26,2.561,-1.215,3.509,7
Cumnock,2021-04-26,2.955,-1.927,3.895,9
Daldowie,2021-04-26,3.868,-1.169,4.376,14
Dalmarnock,2021-04-26,4.159,-0.749,4.397,9
Dalmuir,2021-04-26,3.927,-0.794,4.336,36
Dalmuir - Auchinairn (6298),2021-04-26,2.833,,3.020,3
Dalmuir - Auchinairn (6330),2021-04-26,3.239,,3.797,3
Dalmuir - Clydebank,2021-04-26,3.395,,3.861,2
Denny,2021-04-26,4.154,-1.602,4.678,9
Dunblane,2021-04-26,3.735,,3.158,3
Dunfermline,2021-04-26,4.214,0.014,4.203,35
East Calder,2021-04-26,3.254,-5.069,4.607,17
Ellon,2021-04-26,3.171,,3.916,1
Eyemouth,2021-04-26,2.843,,2.883,4
Fairlie,2021-04-26,2.627,,3.248,6
Falkirk,2021-04-26,3.543,-0.920,4.133,29
Fauldhouse,2021-04-26,3.489,-0.364,3.696,16
Forfar,2021-04-26,2.946,,3.963,5
Fort William,2021-04-26,2.922,-1.422,3.135,22
Fraserburgh,2021-04-26,3.649,-2.392,4.236,13
Galashiels,2021-04-26,2.530,-0.915,3.065,24
Girvan,2021-04-26,3.483,0.349,3.356,7
Hamilton,2021-04-26,4.690,0.628,4.356,31
Harthill,2021-04-26,3.280,-0.509,3.667,12
Hatton - Fintry North,2021-04-26,3.296,,4.200,1
Helensburgh,2021-04-26,3.071,-2.608,4.495,27
Inverclyde,2021-04-26,3.884,0.473,3.628,19
Inverclyde - Gourock,2021-04-26,4.673,,5.054,3
Inverurie,2021-04-26,2.626,,3.963,1
Ironmill Bay,2021-04-26,3.469,-0.857,3.872,11
Kincardine,2021-04-26,2.658,-2.445,4.173,12
Kirkcaldy,2021-04-26,4.062,-1.172,4.386,12
Lanark,2021-04-26,2.814,-3.541,4.312,13
Largs,2021-04-26,3.263,-2.269,4.257,9
Lesmahagow,2021-04-26,3.766,-0.379,4.079,9
Levenmouth,2021-04-26,3.692,-0.591,4.043,36
Linlithgow,2021-04-26,2.638,-1.660,3.488,17
Loch Ryan,2021-04-26,2.863,,,0
Lossiemouth,2021-04-26,3.969,-0.023,3.976,11
Mauldslie,2021-04-26,3.905,-0.854,4.244,14
Meadowhead,2021-04-26,4.030,-0.041,4.051,31
Muirkirk,2021-04-26,2.501,-2.813,4.050,9
Neilston,2021-04-26,2.753,-1.048,3.299,8
Newburgh,2021-04-26,2.511,-1.318,3.297,10
Nigg,2021-04-26,3.472,-0.777,3.893,38
Paisley,2021-04-26,3.709,-2.620,4.345,9
Paisley - Blackhall,2021-04-26,3.704,,4.249,2
Peebles,2021-04-26,3.516,1.407,2.950,23
Penicuik,2021-04-26,3.080,-1.700,4.124,8
Persley - Northfield,2021-04-26,3.711,,4.278,6
Perth,2021-04-26,3.966,0.448,3.832,9
Peterhead,2021-04-26,3.008,0.248,2.855,12
Philipshill,2021-04-26,4.399,0.210,4.277,35
Seafield,2021-04-26,3.507,-0.839,3.941,31
Shieldhall,2021-04-26,4.292,0.005,4.289,44
Shotts,2021-04-26,4.106,-0.492,4.303,14
Skellyton,2021-04-26,4.761,1.101,3.857,10
Springfield,2021-04-26,2.573,-2.151,3.745,12
St Andrews,2021-04-26,3.697,-0.811,4.123,10
Stevenston,2021-04-26,3.433,-0.704,3.717,11
Stevenston - Stevenston West,2021-04-26,3.643,,3.707,1
Stirling,2021-04-26,3.143,-1.300,3.887,26
Stirling - University,2021-04-26,3.330,,2.668,1
Stonehouse,2021-04-26,4.656,2.202,3.498,13
Strathaven,2021-04-26,4.326,0.664,4.013,14
Swinstie,2021-04-26,4.076,-1.047,4.437,13
Tillicoultry,2021-04-26,2.663,-1.803,3.786,9
Whitburn,2021-04-26,3.218,-0.781,3.761,18
Allanfearn,2021-05-03,4.220,0.867,3.698,38
Allers,2021-05-03,3.872,-0.207,3.997,16
Alloa,2021-05-03,4.315,0.188,4.246,18
Alva,2021-05-03,2.943,-1.132,3.550,10
Annan,2021-05-03,3.474,0.283,3.309,22
Ardoch,2021-05-03,3.323,-0.185,3.403,10
Armadale,2021-05-03,4.161,0.626,3.806,18
Banchory,2021-05-03,3.244,,2.838,2
Banff,2021-05-03,3.003,,2.898,2
Bathgate,2021-05-03,3.667,-0.285,3.845,16
Blackburn,2021-05-03,3.886,-1.330,4.356,18
Blackridge,2021-05-03,4.096,-0.471,4.477,18
Boness,2021-05-03,2.556,-1.771,3.551,10
Bonnybridge,2021-05-03,3.536,-0.812,3.992,10
Bothwellbank,2021-05-03,3.675,-0.183,3.756,16
Carbarns,2021-05-03,3.807,-1.088,4.395,35
Cumnock,2021-05-03,2.926,-1.175,3.655,10
Daldowie,2021-05-03,4.015,-0.347,4.176,15
Dalmarnock,2021-05-03,3.870,-1.353,4.303,10
Dalmuir,2021-05-03,3.737,-0.857,4.175,37
Dalmuir - Auchinairn (6298),2021-05-03,2.589,,2.946,4
Dalmuir - Auchinairn (6330),2021-05-03,3.638,,3.577,4
Dalmuir - Clydebank,2021-05-03,2.474,,3.678,3
Denny,2021-05-03,3.694,-2.407,4.517,10
Dunblane,2021-05-03,3.493,,3.385,4
Dunfermline,2021-05-03,3.403,-1.152,4.207,36
Duns,2021-05-03,3.148,0.701,2.903,7
East Calder,2021-05-03,3.598,-3.288,4.476,18
Ellon,2021-05-03,2.885,,3.623,2
Eyemouth,2021-05-03,3.925,,2.867,5
Fairlie,2021-05-03,3.535,0.876,3.004,7
Falkirk,2021-05-03,3.399,-0.785,3.901,30
Fauldhouse,2021-05-03,3.677,0.107,3.615,17
Forfar,2021-05-03,2.863,,3.803,6
Fort William,2021-05-03,2.586,-3.332,3.061,23
Guardbridge,2021-05-03,2.359,-1.770,3.156,9
Hamilton,2021-05-03,4.323,-0.316,4.487,32
Harthill,2021-05-03,2.781,-0.973,3.514,13
Hatton,2021-05-03,3.754,-0.439,3.961,34
Hatton - Fintry East,2021-05-03,3.806,,3.016,1
Hatton - Fintry West,2021-05-03,4.063,,3.930,1
Helensburgh,2021-05-03,3.514,-1.209,4.226,28
Inverclyde,2021-05-03,3.270,-0.865,3.729,20
Inverclyde - Gourock,2021-05-03,4.057,,4.904,4
Inverurie,2021-05-03,3.923,,3.437,2
Ironmill Bay,2021-05-03,2.983,-1.562,3.713,12
Kelso,2021-05-03,2.743,,2.505,2
Kincardine,2021-05-03,3.075,-1.018,3.868,13
Kirkcaldy,2021-05-03,4.401,0.506,4.258,13
Largs,2021-05-03,3.046,-1.947,4.042,10
Lesmahagow,2021-05-03,2.681,-1.556,3.956,10
Levenmouth,2021-05-03,3.746,-0.271,3.905,37
Linlithgow,2021-05-03,2.725,-0.902,3.236,18
Lossiemouth,2021-05-03,4.308,1.145,3.974,12
Mauldslie,2021-05-03,3.682,-1.045,4.110,15
Meadowhead,2021-05-03,3.714,-0.636,4.043,32
Muirkirk,2021-05-03,2.990,-1.111,3.779,10
Neilston,2021-05-03,2.921,-0.298,3.084,9
New Cumnock,2021-05-03,3.554,-0.490,3.871,11
Newburgh,2021-05-03,2.360,-1.041,3.004,11
Nigg,2021-05-03,3.608,-0.220,3.727,39
Paisley,2021-05-03,3.989,-0.667,4.225,10
Paisley - Blackhall,2021-05-03,2.787,,4.035,3
Penicuik,2021-05-03,4.435,0.902,3.822,9
Persley - Northfield,2021-05-03,3.214,-0.849,4.055,7
Perth,2021-05-03,3.593,-1.028,3.885,10
Peterhead,2021-05-03,4.016,1.849,2.915,13
Philipshill,2021-05-03,4.056,-0.474,4.325,36
Sanquhar,2021-05-03,4.081,,,0
Seafield,2021-05-03,3.645,-0.237,3.770,32
Shieldhall,2021-05-03,4.085,-0.324,4.290,45
Shieldhall - Barrhead,2021-05-03,4.231,,3.880,3
Shieldhall - Gorbals,2021-05-03,3.859,,4.065,3
Shotts,2021-05-03,4.414,0.472,4.225,15
Skellyton,2021-05-03,3.443,-0.982,4.213,11
Springfield,2021-05-03,3.802,0.547,3.477,13
St Andrews,2021-05-03,3.139,-1.595,3.955,11
Stevenston,2021-05-03,3.559,-0.112,3.605,12
Stevenston - Stevenston East,2021-05-03,3.140,,3.467,1
Stevenston - Stevenston West,2021-05-03,4.763,,3.682,2
Stirling,2021-05-03,3.397,-0.361,3.606,27
Stonehouse,2021-05-03,3.059,-1.240,3.757,14
Strathaven,2021-05-03,4.341,0.444,4.136,15
Tillicoultry,2021-05-03,3.268,-0.288,3.480,10
Whitburn,2021-05-03,3.699,0.206,3.548,19
Winchburgh,2021-05-03,4.098,0.556,3.732,15
Allanfearn,2021-05-10,3.929,0.042,3.904,39
Allers,2021-05-10,4.025,0.129,3.948,17
Alloa,2021-05-10,4.475,0.563,4.273,19
Alva,2021-05-10,3.408,0.162,3.311,11
Annan,2021-05-10,2.755,-1.088,3.374,23
Ardoch,2021-05-10,2.841,-1.237,3.372,11
Armadale,2021-05-10,4.086,0.253,3.945,19
Banff,2021-05-10,3.054,,2.939,3
Bathgate,2021-05-10,4.265,0.794,3.775,17
Blackburn,2021-05-10,3.376,-2.280,4.182,19
Blackridge,2021-05-10,4.524,0.251,4.327,19
Blairgowrie,2021-05-10,3.757,-0.395,4.048,8
Boness,2021-05-10,3.273,-0.003,3.275,11
Bonnybridge,2021-05-10,4.201,0.676,3.813,11
Carbarns,2021-05-10,3.761,-0.732,4.163,36
Coldstream,2021-05-10,3.164,0.033,3.136,8
Cumnock,2021-05-10,3.199,-0.244,3.368,11
Cupar,2021-05-10,3.853,0.827,3.410,12
Daldowie,2021-05-10,3.642,-0.994,4.113,16
Dalmarnock,2021-05-10,4.533,1.092,4.146,11
Dalmuir,2021-05-10,4.539,1.041,4.003,38
Dalmuir - Auchinairn (6298),2021-05-10,2.931,,2.806,5
Dalmuir - Auchinairn (6330),2021-05-10,3.258,,3.601,5
Denny,2021-05-10,3.721,-1.498,4.349,11
Dunblane,2021-05-10,3.184,,3.428,5
Dunfermline,2021-05-10,4.187,0.426,3.891,37
Duns,2021-05-10,2.715,-0.891,3.000,8
East Calder,2021-05-10,3.470,-2.343,4.344,19
Ellon,2021-05-10,2.968,,3.333,3
Eyemouth,2021-05-10,4.232,,3.079,6
Falkirk,2021-05-10,3.798,0.148,3.703,31
Fauldhouse,2021-05-10,3.300,-0.598,3.639,18
Forfar,2021-05-10,3.125,-0.711,3.549,7
Forres,2021-05-10,3.090,,3.064,1
Fort William,2021-05-10,3.001,0.062,2.991,24
Fraserburgh,2021-05-10,2.694,-4.211,4.115,14
Hamilton,2021-05-10,4.363,-0.118,4.423,33
Harthill,2021-05-10,2.902,-0.411,3.226,14
Hatton,2021-05-10,3.877,-0.005,3.879,35
Hatton - Fintry East,2021-05-10,2.962,,3.327,2
Hatton - Fintry West,2021-05-10,3.152,,3.983,2
Hawick,2021-05-10,3.680,0.775,3.092,31
Helensburgh,2021-05-10,3.294,-1.101,3.946,29
Inverclyde,2021-05-10,4.172,1.131,3.548,21
Inverclyde - Gourock,2021-05-10,5.546,,4.571,5
Inverurie,2021-05-10,4.506,,3.628,3
Ironmill Bay,2021-05-10,4.472,1.923,3.483,13
Kelso,2021-05-10,3.697,,2.599,3
Kirkcaldy,2021-05-10,4.482,0.615,4.315,14
Kirkwall,2021-05-10,3.033,0.270,2.839,18
Largs,2021-05-10,2.958,-1.430,3.790,11
Lerwick,2021-05-10,3.525,1.128,2.067,11
Lesmahagow,2021-05-10,3.119,-0.459,3.553,11
Levenmouth,2021-05-10,3.511,-0.574,3.842,38
Linlithgow,2021-05-10,3.231,0.329,3.035,19
Lossiemouth,2021-05-10,4.038,-0.218,4.105,13
Mauldslie,2021-05-10,4.134,0.437,3.942,16
Maybole,2021-05-10,3.096,0.085,3.033,9
Meadowhead,2021-05-10,3.865,-0.094,3.914,33
Meadowhead - Kilmarnock HMP,2021-05-10,3.794,,,0
Nairn,2021-05-10,2.836,-0.855,3.412,22
New Cumnock,2021-05-10,4.283,0.814,3.746,12
Newburgh,2021-05-10,2.362,-0.602,2.751,12
Newport & Tayport,2021-05-10,2.446,-1.721,3.444,10
Newtown St Boswell,2021-05-10,2.640,,2.650,5
Nigg,2021-05-10,3.739,0.110,3.680,40
Paisley,2021-05-10,3.614,-1.454,4.133,11
Paisley - Blackhall,2021-05-10,3.653,,3.544,4
Paisley - Brediland,2021-05-10,3.077,,3.479,2
Penicuik,2021-05-10,3.953,-0.170,4.063,10
Persley - Northfield,2021-05-10,3.159,-0.589,3.724,8
Perth,2021-05-10,3.742,-0.094,3.770,11
Peterhead,2021-05-10,2.822,-0.638,3.208,14
Philipshill,2021-05-10,4.072,-0.264,4.219,37
Sanquhar,2021-05-10,3.916,,4.081,1
Seafield,2021-05-10,3.922,0.378,3.721,33
Selkirk,2021-05-10,3.711,,3.296,2
Shieldhall,2021-05-10,4.649,0.712,4.209,46
Shieldhall - Barrhead,2021-05-10,3.779,,4.018,4
Shieldhall - Gorbals,2021-05-10,4.798,,3.984,4
Shotts,2021-05-10,4.715,1.078,4.299,16
Skellyton,2021-05-10,3.606,-0.378,3.910,12
Springfield,2021-05-10,2.638,-1.681,3.605,14
St Andrews,2021-05-10,3.510,-0.349,3.704,12
Stevenston,2021-05-10,3.679,0.225,3.587,13
Stevenston - Stevenston East,2021-05-10,3.300,,3.338,2
Stevenston - Stevenston West,2021-05-10,4.196,,4.107,3
Stirling,2021-05-10,3.799,0.482,3.524,28
Stonehouse,2021-05-10,2.719,-1.327,3.482,15
Strathaven,2021-05-10,3.839,-0.837,4.217,16
Swinstie,2021-05-10,3.527,-2.212,4.295,14
Tillicoultry,2021-05-10,3.466,0.095,3.396,11
Troqueer,2021-05-10,2.613,-1.916,3.611,24
Whitburn,2021-05-10,3.586,-0.028,3.607,20
Winchburgh,2021-05-10,2.566,-2.051,3.876,16
Allanfearn,2021-05-17,2.895,-1.766,3.914,40
Allers,2021-05-17,3.378,-1.033,3.978,18
Alloa,2021-05-17,4.189,-0.467,4.353,20
Alva,2021-05-17,3.668,0.540,3.349,12
Annan,2021-05-17,3.412,0.486,3.131,24
Ardoch,2021-05-17,2.694,-0.983,3.163,12
Armadale,2021-05-17,3.088,-1.680,4.001,20
Banchory,2021-05-17,2.997,,2.998,3
Banff,2021-05-17,2.975,,2.984,4
Bathgate,2021-05-17,3.839,-0.214,3.968,18
Blackburn,2021-05-17,4.212,0.516,4.008,20
Blackridge,2021-05-17,4.396,-0.011,4.404,20
Blairgowrie,2021-05-17,3.393,-0.777,3.934,9
Boness,2021-05-17,3.297,0.036,3.274,12
Bonnybridge,2021-05-17,3.604,-0.661,3.966,12
Bothwellbank,2021-05-17,3.494,-0.515,3.724,17
Bowhouse,2021-05-17,3.042,0.375,2.797,11
Carbarns,2021-05-17,3.795,-0.376,4.005,37
Cupar,2021-05-17,2.518,-2.041,3.584,13
Daldowie,2021-05-17,4.170,0.474,3.927,17
Dalmuir,2021-05-17,4.222,0.016,4.214,39
Denny,2021-05-17,4.483,0.743,4.143,12
Dunblane,2021-05-17,3.320,,3.332,6
Dunfermline,2021-05-17,3.742,-0.390,4.007,38
Dunnswood,2021-05-17,3.061,-1.822,4.136,12
East Calder,2021-05-17,3.473,-1.509,4.161,20
Eyemouth,2021-05-17,3.201,-0.228,3.349,7
Falkirk,2021-05-17,4.193,0.720,3.741,32
Forfar,2021-05-17,3.402,0.035,3.382,8
Forres,2021-05-17,3.296,,3.074,2
Galashiels,2021-05-17,2.526,-0.542,2.854,25
Hamilton,2021-05-17,4.152,-0.498,4.399,34
Harthill,2021-05-17,2.493,-0.758,3.098,15
Hatton,2021-05-17,3.942,0.139,3.879,36
Hawick,2021-05-17,3.411,0.118,3.323,32
Helensburgh,2021-05-17,2.831,-1.414,3.689,30
Inverclyde,2021-05-17,3.816,0.041,3.793,22
Inverurie,2021-05-17,3.648,,3.974,4
Ironmill Bay,2021-05-17,3.026,-1.356,3.736,14
Kelso,2021-05-17,3.361,,3.031,4
Kincardine,2021-05-17,3.266,-0.354,3.556,14
Kirkcaldy,2021-05-17,4.373,-0.028,4.380,15
Lanark,2021-05-17,3.077,-1.638,4.104,14
Levenmouth,2021-05-17,3.971,0.450,3.712,39
Linlithgow,2021-05-17,4.359,2.115,3.112,20
Lossiemouth,2021-05-17,3.812,-0.893,4.079,14
Mauldslie,2021-05-17,4.174,0.364,4.017,17
Maybole,2021-05-17,2.613,-0.640,3.058,10
Meadowhead,2021-05-17,4.343,0.871,3.894,34
Meadowhead - Kilmarnock HMP,2021-05-17,4.057,,3.794,1
Nairn,2021-05-17,2.604,-0.864,3.185,23
Neilston,2021-05-17,3.954,1.733,3.020,10
New Cumnock,2021-05-17,4.750,1.256,3.957,13
Newport & Tayport,2021-05-17,3.462,0.481,3.159,11
Newtown St Boswell,2021-05-17,3.567,,2.646,6
Nigg,2021-05-17,3.213,-0.936,3.703,41
Paisley,2021-05-17,3.345,-1.500,3.957,12
Paisley - Blackhall,2021-05-17,4.591,,3.587,5
Paisley - Brediland,2021-05-17,5.444,,3.321,3
Peebles,2021-05-17,2.804,-0.877,3.148,24
Penicuik,2021-05-17,5.294,2.054,4.020,11
Persley - Northfield,2021-05-17,3.398,-0.111,3.502,9
Perth,2021-05-17,3.108,-2.271,3.759,12
Peterhead,2021-05-17,3.107,0.085,3.056,15
Philipshill,2021-05-17,3.203,-1.753,4.162,38
Sanquhar,2021-05-17,4.054,,4.016,2
Seafield,2021-05-17,4.102,0.576,3.800,34
Selkirk,2021-05-17,2.655,,3.459,3
Shieldhall,2021-05-17,4.894,0.842,4.382,47
Shieldhall - Barrhead,2021-05-17,3.635,,3.924,5
Shieldhall - Gorbals,2021-05-17,5.292,,4.304,5
Shotts,2021-05-17,3.841,-1.644,4.463,17
Springfield,2021-05-17,2.757,-0.940,3.322,15
St Andrews,2021-05-17,4.222,1.093,3.628,13
Stevenston,2021-05-17,4.292,1.681,3.623,14
Stevenston - Stevenston East,2021-05-17,3.148,,3.323,3
Stevenston - Stevenston West,2021-05-17,5.084,,4.142,4
Stirling,2021-05-17,2.963,-1.203,3.632,29
Stonehouse,2021-05-17,4.104,1.477,3.200,16
Strathaven,2021-05-17,3.056,-2.296,4.068,17
Tillicoultry,2021-05-17,3.131,-0.416,3.424,12
Troqueer,2021-05-17,2.387,-1.669,3.355,25
Turriff,2021-05-17,3.512,,,0
Whitburn,2021-05-17,3.463,-0.186,3.599,21
Winchburgh,2021-05-17,2.752,-1.164,3.562,17
Allanfearn,2021-05-24,2.955,-1.118,3.630,41
Allers,2021-05-24,3.611,-0.218,3.742,19
Alloa,2021-05-24,4.330,0.121,4.288,21
Alva,2021-05-24,3.710,0.416,3.475,13
Ardoch,2021-05-24,3.267,0.550,2.978,13
Armadale,2021-05-24,4.583,1.425,3.733,21
Banff,2021-05-24,2.955,,2.981,5
Bathgate,2021-05-24,3.744,-0.295,3.917,19
Blackburn,2021-05-24,4.235,0.382,4.088,21
Blackridge,2021-05-24,4.447,0.062,4.401,21
Blackwood,2021-05-24,4.241,0.893,3.440,13
Boness,2021-05-24,3.450,0.262,3.283,13
Bonnybridge,2021-05-24,4.430,1.106,3.823,13
Bothwellbank,2021-05-24,3.852,0.473,3.634,18
Bowhouse,2021-05-24,2.636,-0.412,2.894,12
Carbarns,2021-05-24,3.701,-0.392,3.922,38
Coldstream,2021-05-24,2.684,-0.573,3.147,9
Cumnock,2021-05-24,3.139,-0.231,3.301,12
Daldowie,2021-05-24,4.281,0.515,4.023,18
Dalmuir,2021-05-24,4.369,0.308,4.217,40
Denny,2021-05-24,3.818,-1.045,4.277,13
Dunbar,2021-05-24,3.826,0.568,3.465,8
Dunblane,2021-05-24,4.727,5.189,3.327,7
Dunfermline,2021-05-24,3.812,-0.137,3.903,39
Dunnswood,2021-05-24,3.668,-0.259,3.846,13
East Calder,2021-05-24,4.126,0.370,3.937,21
Ellon,2021-05-24,3.591,,3.189,4
Fairlie,2021-05-24,2.628,-1.032,3.213,8
Falkirk,2021-05-24,3.808,-0.181,3.919,33
Fauldhouse,2021-05-24,3.370,-0.234,3.506,19
Forfar,2021-05-24,3.459,0.125,3.390,9
Forres,2021-05-24,4.218,,3.162,3
Fort William,2021-05-24,4.410,8.754,2.995,25
Fraserburgh,2021-05-24,2.561,-4.115,3.949,15
Galashiels,2021-05-24,3.052,0.524,2.725,26
Hamilton,2021-05-24,4.219,-0.170,4.302,35
Harthill,2021-05-24,3.506,0.771,2.860,16
Hatton,2021-05-24,4.090,0.414,3.904,37
Hatton - Fintry East,2021-05-24,3.357,,3.183,3
Hatton - Fintry North,2021-05-24,4.496,,3.844,2
Hatton - Fintry West,2021-05-24,3.058,,3.656,3
Hawick,2021-05-24,2.601,-1.044,3.358,33
Helensburgh,2021-05-24,3.478,0.134,3.391,31
Inverclyde,2021-05-24,3.711,-0.172,3.802,23
Inverurie,2021-05-24,3.739,,3.845,5
Ironmill Bay,2021-05-24,3.848,0.672,3.479,15
Kincardine,2021-05-24,3.812,0.445,3.442,15
Kirkcaldy,2021-05-24,4.112,-1.047,4.377,16
Kirkwall,2021-05-24,2.502,-0.592,2.915,19
Lanark,2021-05-24,3.451,-0.494,3.796,15
Lesmahagow,2021-05-24,3.292,-0.094,3.382,12
Levenmouth,2021-05-24,3.319,-0.883,3.814,40
Linlithgow,2021-05-24,3.170,-0.391,3.402,21
Lossiemouth,2021-05-24,3.524,-1.554,3.974,15
Mauldslie,2021-05-24,3.937,-0.339,4.079,18
Meadowhead,2021-05-24,4.250,0.357,4.071,35
Meadowhead - Kilmarnock HMP,2021-05-24,3.535,,3.898,2
Neilston,2021-05-24,3.424,0.257,3.285,11
New Cumnock,2021-05-24,3.609,-1.064,4.268,14
Newtown St Boswell,2021-05-24,3.406,0.383,3.008,7
Nigg,2021-05-24,3.788,0.517,3.510,42
Paisley,2021-05-24,4.317,1.175,3.756,13
Paisley - Blackhall,2021-05-24,5.215,,3.880,6
Paisley - Brediland,2021-05-24,3.882,,4.156,4
Penicuik,2021-05-24,4.958,0.920,4.325,12
Perth,2021-05-24,4.065,1.249,3.618,13
Peterhead,2021-05-24,3.518,0.762,3.076,16
Philipshill,2021-05-24,4.318,0.724,3.893,39
Sanquhar,2021-05-24,3.010,,4.031,3
Seafield,2021-05-24,4.337,0.818,3.919,35
Shieldhall,2021-05-24,4.704,0.197,4.584,48
Shieldhall - Barrhead,2021-05-24,4.518,,3.810,6
Shieldhall - Gorbals,2021-05-24,5.180,,4.514,6
Shotts,2021-05-24,3.302,-2.455,4.277,18
Skellyton,2021-05-24,4.464,0.840,3.790,13
St Andrews,2021-05-24,3.578,-0.537,3.862,14
Stevenston,2021-05-24,3.818,-0.002,3.819,15
Stevenston - Stevenston East,2021-05-24,5.582,,3.254,4
Stevenston - Stevenston West,2021-05-24,3.901,,4.513,5
Stirling,2021-05-24,3.192,-0.309,3.369,30
Strathaven,2021-05-24,3.388,-0.950,3.851,18
Tillicoultry,2021-05-24,3.427,0.169,3.309,13
Turriff,2021-05-24,3.573,,3.512,1
Whitburn,2021-05-24,2.684,-1.164,3.545,22
Winchburgh,2021-05-24,4.388,1.590,3.243,18
Allanfearn,2021-05-31,2.998,-0.593,3.364,42
Allers,2021-05-31,4.113,0.705,3.691,20
Alloa,2021-05-31,4.614,0.916,4.305,22
Alva,2021-05-31,4.992,2.612,3.567,14
Annan,2021-05-31,4.048,1.428,3.242,25
Ardoch,2021-05-31,3.243,0.296,3.092,14
Armadale,2021-05-31,4.281,0.435,4.027,22
Banchory,2021-05-31,2.691,,2.998,4
Banff,2021-05-31,3.529,,2.970,6
Bathgate,2021-05-31,4.529,1.173,3.849,20
Blackburn,2021-05-31,4.617,1.254,4.146,22
Blackridge,2021-05-31,4.228,-0.259,4.419,22
Blackwood,2021-05-31,4.557,0.929,3.755,14
Blairgowrie,2021-05-31,4.115,0.574,3.721,10
Boness,2021-05-31,4.076,1.183,3.349,14
Bonnybridge,2021-05-31,4.430,0.691,4.062,14
Bothwellbank,2021-05-31,4.051,0.731,3.720,19
Bowhouse,2021-05-31,3.092,0.479,2.792,13
Carbarns,2021-05-31,4.093,0.451,3.835,39
Coldstream,2021-05-31,3.204,0.293,2.965,10
Cumnock,2021-05-31,4.641,1.972,3.238,13
Cupar,2021-05-31,3.583,0.451,3.327,14
Daldowie,2021-05-31,4.030,-0.192,4.125,19
Dalmuir,2021-05-31,4.769,1.024,4.277,41
Dalmuir - Auchinairn (6298),2021-05-31,4.394,,2.855,6
Dalmuir - Auchinairn (6330),2021-05-31,4.046,,3.477,6
Dalmuir - Clydebank,2021-05-31,4.883,,3.204,4
Denny,2021-05-31,3.334,-1.685,4.096,14
Dunblane,2021-05-31,3.854,1.460,3.460,8
Dunfermline,2021-05-31,3.623,-0.375,3.867,40
Dunnswood,2021-05-31,3.915,0.203,3.776,14
Duns,2021-05-31,2.678,-0.622,2.888,9
East Calder,2021-05-31,4.084,0.143,4.011,22
Ellon,2021-05-31,2.481,,3.347,5
Fairlie,2021-05-31,2.726,-0.440,2.983,9
Falkirk,2021-05-31,3.791,-0.140,3.875,34
Fauldhouse,2021-05-31,4.485,1.767,3.452,20
Forfar,2021-05-31,3.607,0.363,3.417,10
Forres,2021-05-31,3.897,,3.577,4
Fort William,2021-05-31,4.593,9.393,3.075,26
Fraserburgh,2021-05-31,2.650,-3.360,3.783,16
Girvan,2021-05-31,3.354,-0.151,3.406,8
Guardbridge,2021-05-31,3.088,0.291,2.935,10
Hamilton,2021-05-31,4.442,0.359,4.269,36
Hatton,2021-05-31,4.490,1.169,3.977,38
Hatton - Fintry East,2021-05-31,3.690,,3.251,4
Hatton - Fintry North,2021-05-31,4.359,,4.101,3
Hatton - Fintry West,2021-05-31,4.562,,3.420,4
Helensburgh,2021-05-31,3.863,0.675,3.425,32
Huntly,2021-05-31,2.780,,,0
Inverclyde,2021-05-31,4.169,0.772,3.766,24
Inverclyde - Gourock,2021-05-31,5.160,,4.847,6
Inverurie,2021-05-31,4.022,,3.803,6
Ironmill Bay,2021-05-31,4.448,1.552,3.624,16
Kincardine,2021-05-31,4.234,0.799,3.587,16
Kirkcaldy,2021-05-31,4.687,1.621,4.273,17
Lanark,2021-05-31,4.602,1.329,3.660,16
Largs,2021-05-31,2.840,-1.050,3.504,12
Lerwick,2021-05-31,3.334,0.555,2.641,12
Levenmouth,2021-05-31,4.015,0.698,3.619,41
Linlithgow,2021-05-31,3.102,-0.353,3.311,22
Lossiemouth,2021-05-31,3.702,-0.442,3.831,16
Mauldslie,2021-05-31,3.333,-1.643,4.023,19
Meadowhead,2021-05-31,4.555,0.845,4.141,36
Meadowhead - Kilmarnock HMP,2021-05-31,3.689,,3.755,3
Neilston,2021-05-31,3.661,0.623,3.340,12
New Cumnock,2021-05-31,3.211,-1.278,4.008,15
Newburgh,2021-05-31,3.203,0.918,2.598,13
Newport & Tayport,2021-05-31,3.989,1.182,3.278,12
Newtown St Boswell,2021-05-31,4.028,0.892,3.165,8
Nigg,2021-05-31,4.132,0.979,3.619,43
Paisley,2021-05-31,4.578,1.318,3.977,14
Paisley - Blackhall,2021-05-31,4.659,0.593,4.197,7
Paisley - Brediland,2021-05-31,2.955,,4.048,5
Penicuik,2021-05-31,4.483,-0.132,4.574,13
Perth,2021-05-31,4.518,2.084,3.794,14
Peterhead,2021-05-31,3.546,0.525,3.250,17
Philipshill,2021-05-31,4.669,1.060,4.060,40
Sanquhar,2021-05-31,3.266,,3.629,4
Seafield,2021-05-31,4.664,1.162,4.083,36
Seafield - Cockenzie,2021-05-31,3.422,,,0
Shieldhall,2021-05-31,4.911,0.467,4.631,49
Shieldhall - Barrhead,2021-05-31,4.353,1.160,3.944,7
Shieldhall - Gorbals,2021-05-31,4.263,-0.820,4.776,7
Skellyton,2021-05-31,4.389,0.432,4.055,14
Springfield,2021-05-31,2.932,-0.276,3.100,16
St Andrews,2021-05-31,4.353,1.163,3.750,15
Stevenston,2021-05-31,4.229,1.067,3.819,16
Stevenston - Stevenston East,2021-05-31,4.401,,4.170,5
Stevenston - Stevenston West,2021-05-31,3.516,,4.272,6
Stirling,2021-05-31,3.815,0.906,3.299,31
Stonehouse,2021-05-31,4.177,1.125,3.501,17
Swinstie,2021-05-31,3.057,-2.609,4.124,15
Tillicoultry,2021-05-31,3.669,0.461,3.355,14
Troqueer,2021-05-31,3.168,0.153,3.070,26
Turriff,2021-05-31,3.373,,3.536,2
Whitburn,2021-05-31,4.194,1.235,3.207,23
Winchburgh,2021-05-31,3.961,0.510,3.597,19
Allanfearn,2021-06-07,3.553,0.531,3.220,43
Allers,2021-06-07,3.976,0.205,3.857,21
Alloa,2021-06-07,4.731,0.919,4.426,23
Alva,2021-06-07,4.757,1.525,3.835,15
Ardoch,2021-06-07,3.870,1.447,3.151,15
Armadale,2021-06-07,4.039,-0.154,4.127,23
Aviemore,2021-06-07,2.886,,,0
Banchory,2021-06-07,3.161,,2.877,5
Banff,2021-06-07,3.545,1.794,3.064,7
Bathgate,2021-06-07,3.707,-0.716,4.117,21
Blackburn,2021-06-07,4.781,1.192,4.331,23
Blackridge,2021-06-07,4.254,-0.126,4.344,23
Blackwood,2021-06-07,4.773,0.840,4.071,15
Blairgowrie,2021-06-07,3.626,-0.382,3.876,11
Boness,2021-06-07,3.648,0.022,3.635,15
Bonnybridge,2021-06-07,4.116,-0.175,4.207,15
Bothwellbank,2021-06-07,4.019,0.381,3.850,20
Bowhouse,2021-06-07,3.737,1.374,2.910,14
Buckie,2021-06-07,3.909,,,0
Carbarns,2021-06-07,4.436,0.890,3.937,40
Cumnock,2021-06-07,4.386,1.121,3.588,14
Cupar,2021-06-07,2.750,-1.236,3.428,15
Daldowie,2021-06-07,4.010,-0.159,4.087,20
Dalmarnock,2021-06-07,4.754,1.340,4.298,12
Dalmuir,2021-06-07,4.763,0.611,4.470,42
Dalmuir - Auchinairn (6298),2021-06-07,4.599,5.782,2.992,7
Dalmuir - Auchinairn (6330),2021-06-07,4.590,3.180,3.614,7
Dalmuir - Clydebank,2021-06-07,3.800,,3.865,5
Denny,2021-06-07,3.199,-1.312,3.874,15
Dunbar,2021-06-07,4.594,1.660,3.607,9
Dunblane,2021-06-07,4.434,2.709,3.593,9
Dunfermline,2021-06-07,4.234,0.724,3.771,41
Dunnswood,2021-06-07,4.307,0.713,3.830,15
Duns,2021-06-07,2.866,0.177,2.805,10
East Calder,2021-06-07,4.169,0.258,4.040,23
Fairlie,2021-06-07,3.041,0.275,2.882,10
Falkirk,2021-06-07,4.285,0.753,3.842,35
Fauldhouse,2021-06-07,4.287,0.946,3.740,21
Forfar,2021-06-07,4.716,2.469,3.492,11
Forres,2021-06-07,3.594,,3.703,5
Fort William,2021-06-07,4.461,8.086,3.154,27
Fraserburgh,2021-06-07,2.645,-1.654,3.617,17
Galashiels,2021-06-07,3.387,0.869,2.854,27
Girvan,2021-06-07,3.582,0.608,3.386,9
Guardbridge,2021-06-07,3.191,0.395,2.995,11
Hamilton,2021-06-07,4.336,-0.002,4.337,37
Harthill,2021-06-07,1.000,-2.602,3.114,17
Hatton,2021-06-07,4.834,1.503,4.179,39
Hatton - Fintry East,2021-06-07,4.278,,3.424,5
Hatton - Fintry North,2021-06-07,4.547,,4.203,4
Hatton - Fintry West,2021-06-07,5.805,,3.870,5
Helensburgh,2021-06-07,3.534,-0.099,3.597,33
Inverclyde,2021-06-07,4.108,0.359,3.925,25
Inverclyde - Gourock,2021-06-07,5.689,1.305,4.970,7
Inverurie,2021-06-07,3.018,-1.513,3.890,7
Ironmill Bay,2021-06-07,3.602,-0.527,3.885,17
Kelso,2021-06-07,3.468,,3.161,5
Kirkcaldy,2021-06-07,4.836,1.697,4.398,18
Kirkwall,2021-06-07,3.809,1.533,2.753,20
Lanark,2021-06-07,3.808,-0.291,4.009,17
Lerwick,2021-06-07,2.735,-0.148,2.913,13
Levenmouth,2021-06-07,3.914,0.251,3.775,42
Linlithgow,2021-06-07,4.458,2.089,3.229,23
Loch Ryan,2021-06-07,3.043,,2.863,1
Lockerbie,2021-06-07,2.726,-0.281,2.865,24
Mauldslie,2021-06-07,4.015,0.424,3.817,20
Maybole,2021-06-07,3.737,1.217,2.883,11
Meadowhead,2021-06-07,4.895,1.227,4.304,37
Meadowhead - Kilmarnock HMP,2021-06-07,3.285,,3.729,4
Nairn,2021-06-07,4.000,1.529,2.957,24
Neilston,2021-06-07,3.797,0.663,3.466,13
New Cumnock,2021-06-07,4.264,0.854,3.702,16
Newburgh,2021-06-07,2.644,-0.303,2.836,14
Newport & Tayport,2021-06-07,4.411,1.421,3.558,13
Newtown St Boswell,2021-06-07,3.101,-0.424,3.505,9
Nigg,2021-06-07,4.397,1.122,3.821,44
Paisley,2021-06-07,4.380,0.398,4.201,15
Paisley - Blackhall,2021-06-07,4.586,0.274,4.379,8
Paisley - Brediland,2021-06-07,4.102,,3.618,6
Peebles,2021-06-07,2.794,-0.535,3.013,25
Penicuik,2021-06-07,5.011,0.706,4.538,14
Perth,2021-06-07,4.605,1.716,3.965,15
Peterhead,2021-06-07,2.985,-0.694,3.366,18
Philipshill,2021-06-07,4.601,0.534,4.300,41
Sanquhar,2021-06-07,5.261,,3.486,5
Seafield,2021-06-07,4.836,1.055,4.312,37
Seafield - Cockenzie,2021-06-07,3.995,,3.422,1
Shieldhall - Barrhead,2021-06-07,4.475,1.040,4.105,8
Shieldhall - Gorbals,2021-06-07,5.013,0.750,4.574,8
Shieldhall - Pollockshields West,2021-06-07,5.395,,,0
Shotts,2021-06-07,4.480,0.854,4.081,19
Skellyton,2021-06-07,4.536,0.470,4.186,15
Springfield,2021-06-07,3.439,0.675,3.034,17
St Andrews,2021-06-07,4.296,0.603,3.987,16
Stevenston,2021-06-07,4.279,0.784,3.980,17
Stevenston - Stevenston East,2021-06-07,3.955,,4.261,6
Stevenston - Stevenston West,2021-06-07,3.341,-1.067,3.982,7
Stirling,2021-06-07,3.268,-0.421,3.502,32
Stonehouse,2021-06-07,4.565,1.344,3.767,18
Stornoway,2021-06-07,1.000,,3.496,5
Swinstie,2021-06-07,4.583,1.280,3.923,16
Tillicoultry,2021-06-07,4.974,2.278,3.479,15
Troqueer,2021-06-07,3.298,0.294,3.108,27
Whitburn,2021-06-07,4.344,0.960,3.595,24
Winchburgh,2021-06-07,4.191,0.647,3.740,20
Allanfearn,2021-06-14,3.936,0.952,3.351,44
Allers,2021-06-14,4.147,0.426,3.904,22
Alloa,2021-06-14,4.518,-0.087,4.546,24
Alva,2021-06-14,4.619,0.783,4.133,16
Annan,2021-06-14,4.578,1.876,3.520,26
Ardoch,2021-06-14,3.723,0.672,3.395,16
Armadale,2021-06-14,4.831,1.322,4.092,24
Aviemore,2021-06-14,4.040,,2.886,1
Banchory,2021-06-14,3.890,,2.989,6
Banff,2021-06-14,2.367,-2.749,3.196,8
Bathgate,2021-06-14,2.778,-2.081,3.955,22
Blackburn,2021-06-14,4.585,0.200,4.508,24
Blackridge,2021-06-14,4.363,0.077,4.309,24
Blackwood,2021-06-14,4.589,0.294,4.347,16
Blairgowrie,2021-06-14,4.284,0.801,3.778,12
Boness,2021-06-14,2.491,-1.978,3.640,16
Bonnybridge,2021-06-14,3.931,-0.480,4.171,16
Bothwellbank,2021-06-14,4.231,0.729,3.916,21
Bowhouse,2021-06-14,4.295,1.829,3.206,15
Carbarns,2021-06-14,4.376,0.443,4.133,41
Coldstream,2021-06-14,3.393,0.429,3.059,11
Cumnock,2021-06-14,4.232,0.475,3.902,15
Cupar,2021-06-14,4.152,1.774,3.161,16
Dalbeattie,2021-06-14,3.723,0.545,3.399,18
Daldowie,2021-06-14,4.706,1.334,4.057,21
Dalmarnock,2021-06-14,4.633,0.497,4.465,13
Dalmuir,2021-06-14,4.456,-0.272,4.586,43
Dalmuir - Auchinairn (6298),2021-06-14,2.988,-0.505,3.128,8
Dalmuir - Auchinairn (6330),2021-06-14,4.670,2.078,3.765,8
Dalmuir - Clydebank,2021-06-14,3.995,,3.839,6
Denny,2021-06-14,4.556,1.639,3.621,16
Dunbar,2021-06-14,3.988,0.143,3.900,10
Dunblane,2021-06-14,7.200,7.655,3.745,10
Dunfermline,2021-06-14,4.399,0.713,3.953,42
Duns,2021-06-14,3.842,3.049,2.829,11
East Calder,2021-06-14,4.098,0.015,4.091,24
Ellon,2021-06-14,3.067,,3.133,6
Fairlie,2021-06-14,2.629,-0.572,2.944,11
Falkirk,2021-06-14,4.236,0.381,4.016,36
Fauldhouse,2021-06-14,4.866,1.607,3.955,22
Forfar,2021-06-14,4.652,1.592,3.736,12
Forres,2021-06-14,4.492,,3.660,6
Fort William,2021-06-14,4.002,4.754,3.234,28
Fraserburgh,2021-06-14,3.924,0.834,3.328,18
Galashiels,2021-06-14,3.943,1.471,3.063,28
Girvan,2021-06-14,3.925,1.461,3.463,10
Guardbridge,2021-06-14,3.640,1.203,3.072,12
Hamilton,2021-06-14,4.594,0.560,4.337,38
Harthill,2021-06-14,5.040,2.294,2.715,18
Hatton,2021-06-14,4.638,0.540,4.394,40
Hatton - Fintry East,2021-06-14,5.533,,3.612,6
Hatton - Fintry North,2021-06-14,5.024,,4.338,5
Hatton - Fintry West,2021-06-14,4.224,,4.183,6
Hawick,2021-06-14,3.454,0.528,3.060,34
Huntly,2021-06-14,3.223,,2.780,1
Inverclyde,2021-06-14,3.791,-0.415,3.997,26
Inverclyde - Gourock,2021-06-14,4.830,-0.713,5.241,8
Inverurie,2021-06-14,4.053,0.749,3.606,8
Ironmill Bay,2021-06-14,4.516,1.417,3.774,18
Kelso,2021-06-14,2.457,,3.282,6
Kirkcaldy,2021-06-14,4.885,1.330,4.525,19
Kirkwall,2021-06-14,3.456,0.525,3.091,21
Lanark,2021-06-14,4.621,1.020,3.930,18
Largs,2021-06-14,4.066,1.223,3.243,13
Lerwick,2021-06-14,3.542,0.604,2.843,14
Lesmahagow,2021-06-14,3.845,0.520,3.347,13
Levenmouth,2021-06-14,4.029,0.369,3.830,43
Linlithgow,2021-06-14,3.814,0.493,3.518,24
Loch Ryan,2021-06-14,2.893,,2.934,2
Lockerbie,2021-06-14,2.831,0.041,2.810,25
Lossiemouth,2021-06-14,3.358,-1.474,3.780,17
Mauldslie,2021-06-14,4.984,2.371,3.895,21
Maybole,2021-06-14,4.455,1.819,3.219,12
Meadowhead,2021-06-14,4.410,-0.258,4.537,38
Meadowhead - Kilmarnock HMP,2021-06-14,3.862,,3.554,5
Nairn,2021-06-14,3.206,-0.127,3.292,25
Neilston,2021-06-14,3.833,0.485,3.596,14
New Cumnock,2021-06-14,4.357,0.680,3.923,17
Newburgh,2021-06-14,3.159,0.640,2.760,15
Newport & Tayport,2021-06-14,4.359,0.799,3.853,14
Newtown St Boswell,2021-06-14,3.413,0.075,3.346,10
Nigg,2021-06-14,4.426,0.741,4.048,45
Paisley,2021-06-14,4.418,0.338,4.272,16
Paisley - Blackhall,2021-06-14,4.905,0.617,4.460,9
Paisley - Brediland,2021-06-14,2.688,-1.202,3.808,7
Penicuik,2021-06-14,4.706,-0.027,4.724,15
Perth,2021-06-14,4.724,1.446,4.148,16
Peterhead,2021-06-14,2.924,-0.542,3.216,19
Philipshill,2021-06-14,4.393,-0.047,4.418,42
Sanquhar,2021-06-14,5.175,,3.729,6
Seafield,2021-06-14,4.891,0.741,4.518,38
Seafield - Cockenzie,2021-06-14,4.201,,3.647,2
Shieldhall,2021-06-14,4.446,-0.494,4.741,50
Shieldhall - Barrhead,2021-06-14,3.437,-2.213,4.251,9
Shieldhall - Gorbals,2021-06-14,4.204,-0.939,4.747,9
Shieldhall - Pollockshields West,2021-06-14,4.582,,5.395,1
Shotts,2021-06-14,4.080,-0.347,4.238,20
Skellyton,2021-06-14,4.601,0.385,4.324,16
Springfield,2021-06-14,4.055,1.478,3.193,18
St Andrews,2021-06-14,4.259,0.299,4.109,17
Stevenston,2021-06-14,4.257,0.419,4.098,18
Stevenston - Stevenston East,2021-06-14,3.677,-0.521,4.140,7
Stevenston - Stevenston West,2021-06-14,3.463,-0.432,3.730,8
Stirling,2021-06-14,3.884,0.862,3.410,33
Stonehouse,2021-06-14,3.844,-0.353,4.059,19
Stornoway,2021-06-14,3.172,,3.170,6
Swinstie,2021-06-14,3.696,-0.954,4.177,17
Tillicoultry,2021-06-14,3.955,0.218,3.801,16
Troqueer,2021-06-14,4.201,1.602,3.183,28
Turriff,2021-06-14,3.161,,3.472,3
Whitburn,2021-06-14,4.553,0.872,3.890,25
Winchburgh,2021-06-14,4.018,0.147,3.918,21
Allanfearn,2021-06-21,4.372,1.317,3.581,45
Allers,2021-06-21,4.890,1.599,3.999,23
Alloa,2021-06-21,4.840,0.945,4.535,25
Alva,2021-06-21,4.650,0.525,4.324,17
Annan,2021-06-21,4.137,0.570,3.797,27
Ardoch,2021-06-21,4.053,1.112,3.525,17
Armadale,2021-06-21,4.997,1.129,4.367,25
Aviemore,2021-06-21,4.420,,3.340,2
Banchory,2021-06-21,3.010,-0.252,3.115,7
Banff,2021-06-21,3.665,1.633,3.047,9
Bathgate,2021-06-21,5.041,2.183,3.677,23
Blackburn,2021-06-21,4.562,0.062,4.538,25
Blackridge,2021-06-21,4.573,0.356,4.330,25
Blackwood,2021-06-21,4.268,-0.218,4.442,17
Blairgowrie,2021-06-21,4.252,0.449,3.977,13
Boness,2021-06-21,4.578,1.927,3.354,17
Bonnybridge,2021-06-21,4.382,0.626,4.077,17
Bothwellbank,2021-06-21,4.158,0.280,4.040,22
Bowhouse,2021-06-21,4.776,2.022,3.499,16
Buckie,2021-06-21,4.579,,3.909,1
Carbarns,2021-06-21,4.648,0.787,4.229,42
Coldstream,2021-06-21,3.705,0.692,3.190,12
Cumnock,2021-06-21,4.349,0.471,4.031,16
Cupar,2021-06-21,4.773,2.346,3.436,17
Daldowie,2021-06-21,4.621,0.679,4.296,22
Dalmarnock,2021-06-21,4.917,1.177,4.531,14
Dalmuir,2021-06-21,5.065,1.142,4.535,44
Dalmuir - Auchinairn (6298),2021-06-21,4.300,4.812,3.073,9
Dalmuir - Auchinairn (6330),2021-06-21,4.569,1.168,3.979,9
Dalmuir - Clydebank,2021-06-21,4.927,1.381,3.900,7
Denny,2021-06-21,4.305,0.724,3.901,17
Dunbar,2021-06-21,4.688,1.283,3.934,11
Dunblane,2021-06-21,5.014,2.320,3.967,11
Dunfermline,2021-06-21,4.947,1.328,4.129,43
Dunnswood,2021-06-21,4.241,0.345,4.018,16
Duns,2021-06-21,2.801,-0.484,2.993,12
East Calder,2021-06-21,4.616,1.062,4.094,25
Ellon,2021-06-21,3.954,1.794,3.107,7
Fairlie,2021-06-21,3.169,0.632,2.820,12
Falkirk,2021-06-21,4.416,0.557,4.103,37
Fauldhouse,2021-06-21,5.216,1.692,4.234,23
Forfar,2021-06-21,4.380,0.589,4.019,13
Forres,2021-06-21,3.482,-0.727,3.889,7
Fort William,2021-06-21,4.600,7.959,3.313,29
Fraserburgh,2021-06-21,4.259,1.007,3.563,19
Galashiels,2021-06-21,4.747,2.334,3.358,29
Girvan,2021-06-21,3.394,-0.641,3.618,11
Guardbridge,2021-06-21,3.405,0.233,3.296,13
Hamilton,2021-06-21,4.548,0.246,4.438,39
Harthill,2021-06-21,4.219,0.964,3.213,19
Hatton,2021-06-21,5.193,1.553,4.490,41
Hatton - Fintry East,2021-06-21,5.365,2.977,3.861,7
Hatton - Fintry North,2021-06-21,5.562,,4.590,6
Hatton - Fintry West,2021-06-21,5.076,0.947,4.199,7
Hawick,2021-06-21,4.958,2.391,3.215,35
Helensburgh,2021-06-21,3.845,0.436,3.573,34
Huntly,2021-06-21,4.150,,2.954,2
Inverclyde,2021-06-21,4.565,1.329,3.916,27
Inverclyde - Gourock,2021-06-21,5.082,0.006,5.079,9
Inverurie,2021-06-21,4.069,0.502,3.782,9
Ironmill Bay,2021-06-21,4.689,1.236,4.031,19
Kelso,2021-06-21,4.097,2.030,3.023,7
Kirkcaldy,2021-06-21,5.234,2.036,4.658,20
Kirkwall,2021-06-21,4.291,1.545,3.235,22
Lanark,2021-06-21,4.708,0.763,4.202,19
Langholm,2021-06-21,3.800,,,0
Largs,2021-06-21,4.316,1.154,3.567,14
Lesmahagow,2021-06-21,4.283,0.801,3.543,14
Levenmouth,2021-06-21,4.436,1.003,3.908,44
Linlithgow,2021-06-21,4.361,1.238,3.635,25
Loch Ryan,2021-06-21,3.398,,2.918,3
Lockerbie,2021-06-21,1.000,-3.622,2.819,26
Lossiemouth,2021-06-21,3.589,-0.168,3.639,18
Mauldslie,2021-06-21,4.686,1.196,4.121,22
Maybole,2021-06-21,3.668,0.160,3.553,13
Meadowhead,2021-06-21,4.827,0.712,4.487,39
Meadowhead - Kilmarnock HMP,2021-06-21,2.837,,3.675,6
Nairn,2021-06-21,4.713,2.197,3.258,26
Neilston,2021-06-21,4.199,1.061,3.690,15
New Cumnock,2021-06-21,3.981,-0.182,4.094,18
Newburgh,2021-06-21,4.453,2.547,2.917,16
Newport & Tayport,2021-06-21,4.836,1.206,4.052,15
Newtown St Boswell,2021-06-21,2.604,-0.901,3.373,11
Nigg,2021-06-21,5.085,1.750,4.197,46
Paisley,2021-06-21,4.538,0.496,4.329,17
Paisley - Blackhall,2021-06-21,6.029,1.943,4.635,10
Paisley - Brediland,2021-06-21,5.035,1.775,3.367,8
Peebles,2021-06-21,3.870,2.227,2.927,26
Penicuik,2021-06-21,5.051,0.507,4.717,16
Perth,2021-06-21,4.667,0.757,4.344,17
Peterhead,2021-06-21,3.644,1.021,3.101,20
Philipshill,2021-06-21,4.683,0.509,4.408,43
Sanquhar,2021-06-21,4.960,0.984,4.116,7
Seafield,2021-06-21,4.905,0.472,4.665,39
Seafield - Cockenzie,2021-06-21,5.467,,3.865,3
Shieldhall,2021-06-21,4.860,0.403,4.625,51
Shieldhall - Barrhead,2021-06-21,5.135,2.675,4.070,10
Shieldhall - Gorbals,2021-06-21,4.892,0.648,4.533,10
Shieldhall - Pollockshields West,2021-06-21,5.001,,5.075,2
Shotts,2021-06-21,4.248,0.160,4.176,21
Skellyton,2021-06-21,5.213,1.117,4.433,17
Springfield,2021-06-21,4.228,1.278,3.480,19
St Andrews,2021-06-21,4.800,1.284,4.168,18
Stevenston,2021-06-21,4.564,1.077,4.160,19
Stevenston - Stevenston East,2021-06-21,5.292,1.613,3.958,8
Stevenston - Stevenston West,2021-06-21,3.926,0.495,3.625,9
Stirling,2021-06-21,3.134,-0.861,3.597,34
Stonehouse,2021-06-21,4.458,0.819,3.974,20
Stornoway,2021-06-21,3.320,0.244,3.171,7
Tillicoultry,2021-06-21,4.876,1.488,3.862,17
Troqueer,2021-06-21,4.349,1.359,3.495,29
Turriff,2021-06-21,3.659,,3.349,4
Whitburn,2021-06-21,5.024,1.171,4.151,26
Winchburgh,2021-06-21,4.807,1.270,3.957,22
Allanfearn,2021-06-28,4.967,1.818,3.876,46
Allers,2021-06-28,5.502,2.174,4.273,24
Alloa,2021-06-28,4.911,0.789,4.655,26
Alva,2021-06-28,4.881,0.689,4.452,18
Annan,2021-06-28,4.792,1.447,3.931,28
Ardoch,2021-06-28,4.311,1.216,3.733,18
Armadale,2021-06-28,5.472,1.523,4.615,26
Banchory,2021-06-28,4.058,2.550,3.073,8
Banff,2021-06-28,4.770,3.766,3.233,10
Bathgate,2021-06-28,5.663,2.604,3.984,24
Blackburn,2021-06-28,5.193,1.696,4.548,26
Blackridge,2021-06-28,4.849,0.630,4.426,26
Blackwood,2021-06-28,4.249,-0.161,4.374,18
Blairgowrie,2021-06-28,4.420,0.566,4.085,14
Boness,2021-06-28,4.983,2.010,3.667,18
Bonnybridge,2021-06-28,5.250,2.208,4.197,18
Bothwellbank,2021-06-28,4.407,0.779,4.087,23
Bowhouse,2021-06-28,4.501,0.979,3.810,17
Buckie,2021-06-28,4.809,,4.172,2
Carbarns,2021-06-28,5.242,1.620,4.394,43
Coldstream,2021-06-28,5.179,2.499,3.393,13
Cumnock,2021-06-28,5.162,1.526,4.156,17
Cupar,2021-06-28,5.074,2.139,3.716,18
Dalbeattie,2021-06-28,3.369,-0.270,3.526,19
Daldowie,2021-06-28,4.594,0.363,4.424,23
Dalmarnock,2021-06-28,5.327,1.919,4.683,15
Dalmuir - Auchinairn (6298),2021-06-28,5.380,8.558,3.199,10
Dalmuir - Auchinairn (6330),2021-06-28,4.970,1.447,4.211,10
Dalmuir - Clydebank,2021-06-28,5.492,1.532,4.266,8
Denny,2021-06-28,4.748,1.272,4.060,18
Dunbar,2021-06-28,5.101,1.442,4.223,12
Dunblane,2021-06-28,5.402,1.902,4.189,12
Dunfermline,2021-06-28,5.462,1.626,4.432,44
Dunnswood,2021-06-28,5.321,1.943,4.106,17
Duns,2021-06-28,4.484,4.028,2.917,13
East Calder,2021-06-28,4.677,0.785,4.299,26
Ellon,2021-06-28,4.051,1.366,3.339,8
Fairlie,2021-06-28,3.492,1.012,2.957,13
Falkirk,2021-06-28,5.181,1.722,4.226,38
Fauldhouse,2021-06-28,5.398,1.425,4.520,24
Forfar,2021-06-28,4.493,0.542,4.161,14
Forres,2021-06-28,5.279,2.972,3.729,8
Fort William,2021-06-28,4.636,7.688,3.393,30
Fraserburgh,2021-06-28,5.033,1.789,3.837,20
Galashiels,2021-06-28,3.545,-0.163,3.650,30
Girvan,2021-06-28,4.656,3.376,3.530,12
Guardbridge,2021-06-28,3.970,1.399,3.339,14
Hamilton,2021-06-28,5.327,1.934,4.481,40
Harthill,2021-06-28,5.149,1.505,3.609,20
Hatton,2021-06-28,5.335,1.262,4.713,42
Hatton - Fintry East,2021-06-28,7.353,3.876,4.109,8
Hatton - Fintry North,2021-06-28,5.736,1.229,4.872,7
Hatton - Fintry West,2021-06-28,5.701,1.254,4.544,8
Hawick,2021-06-28,4.563,1.293,3.573,36
Helensburgh,2021-06-28,3.512,-0.274,3.680,35
Huntly,2021-06-28,4.256,,3.425,3
Inverclyde,2021-06-28,4.972,1.672,4.156,28
Inverclyde - Gourock,2021-06-28,5.466,0.753,5.080,10
Inverurie,2021-06-28,4.459,1.026,3.895,10
Ironmill Bay,2021-06-28,5.443,2.100,4.290,20
Kelso,2021-06-28,4.650,2.158,3.283,8
Kincardine,2021-06-28,3.782,-0.076,3.842,17
Kirkcaldy,2021-06-28,5.387,1.815,4.797,21
Kirkwall,2021-06-28,3.958,0.538,3.571,23
Lanark,2021-06-28,4.442,0.063,4.401,20
Langholm,2021-06-28,5.244,,3.800,1
Largs,2021-06-28,4.529,1.047,3.861,15
Lerwick,2021-06-28,3.656,0.478,3.118,15
Lesmahagow,2021-06-28,3.833,-0.001,3.834,15
Levenmouth,2021-06-28,5.190,2.056,4.116,45
Linlithgow,2021-06-28,4.765,1.431,3.920,26
Lockerbie,2021-06-28,4.547,2.810,2.572,27
Lossiemouth,2021-06-28,3.792,0.579,3.620,19
Mauldslie,2021-06-28,4.304,-0.083,4.343,23
Maybole,2021-06-28,4.933,1.931,3.598,14
Meadowhead,2021-06-28,4.734,0.236,4.621,40
Meadowhead - Kilmarnock HMP,2021-06-28,5.380,4.487,3.543,7
Nairn,2021-06-28,4.944,1.940,3.584,27
Neilston,2021-06-28,4.226,0.676,3.890,16
New Cumnock,2021-06-28,5.162,1.841,4.049,19
Newburgh,2021-06-28,4.584,2.048,3.214,17
Newport & Tayport,2021-06-28,4.887,0.747,4.360,16
Newtown St Boswell,2021-06-28,3.842,0.925,3.070,12
Nigg,2021-06-28,5.430,1.789,4.446,47
Paisley,2021-06-28,4.918,1.227,4.411,18
Paisley - Blackhall,2021-06-28,5.446,0.529,4.988,11
Paisley - Brediland,2021-06-28,4.583,0.754,3.829,9
Peebles,2021-06-28,3.952,1.923,3.135,27
Penicuik,2021-06-28,5.421,0.867,4.848,17
Perth,2021-06-28,4.817,0.784,4.471,18
Peterhead,2021-06-28,3.961,1.232,3.315,21
Philipshill,2021-06-28,5.270,1.415,4.516,44
Sanquhar,2021-06-28,4.650,0.238,4.448,8
Seafield,2021-06-28,5.611,1.655,4.759,40
Seafield - Cockenzie,2021-06-28,6.074,,4.495,4
Selkirk,2021-06-28,4.688,,3.143,4
Shieldhall,2021-06-28,5.144,0.739,4.717,52
Shieldhall - Barrhead,2021-06-28,5.365,2.153,4.266,11
Shieldhall - Gorbals,2021-06-28,5.269,1.100,4.674,11
Shieldhall - Pollockshields West,2021-06-28,5.205,,5.046,3
Shotts,2021-06-28,4.994,1.801,4.204,22
Skellyton,2021-06-28,5.343,0.853,4.740,18
Springfield,2021-06-28,3.724,-0.073,3.768,20
Stevenston,2021-06-28,4.705,0.991,4.319,20
Stevenston - Stevenston East,2021-06-28,5.424,1.159,4.365,9
Stevenston - Stevenston West,2021-06-28,4.767,1.785,3.743,10
Stirling,2021-06-28,4.431,1.885,3.415,35
Stonehouse,2021-06-28,4.044,-0.203,4.165,21
Swinstie,2021-06-28,4.528,1.059,3.987,18
Tillicoultry,2021-06-28,4.090,-0.152,4.197,18
Troqueer,2021-06-28,4.802,1.593,3.804,30
Turriff,2021-06-28,4.317,,3.471,5
Whitburn,2021-06-28,4.878,0.513,4.494,27
Winchburgh,2021-06-28,4.821,0.779,4.287,23
Allanfearn,2021-07-05,5.194,1.603,4.172,47
Allers,2021-07-05,5.438,1.433,4.551,25
Alloa,2021-07-05,4.880,0.375,4.756,27
Alva,2021-07-05,4.859,0.375,4.621,19
Annan,2021-07-05,5.485,1.985,4.223,29
Ardoch,2021-07-05,4.895,1.897,3.960,19
Armadale,2021-07-05,5.423,0.885,4.892,27
Aviemore,2021-07-05,5.737,,3.765,3
Banchory,2021-07-05,4.427,2.408,3.263,9
Banff,2021-07-05,4.852,3.476,3.434,11
Bathgate,2021-07-05,5.221,1.291,4.301,25
Blackburn,2021-07-05,5.341,1.442,4.735,27
Blackridge,2021-07-05,6.079,2.224,4.592,27
Blackwood,2021-07-05,5.852,2.024,4.325,19
Blairgowrie,2021-07-05,4.932,1.231,4.217,15
Boness,2021-07-05,4.963,1.386,3.989,19
Bonnybridge,2021-07-05,5.286,1.627,4.431,19
Bothwellbank,2021-07-05,5.199,2.430,4.213,24
Bowhouse,2021-07-05,4.310,0.312,4.082,18
Buckie,2021-07-05,5.310,,4.423,3
Carbarns,2021-07-05,5.174,0.963,4.651,44
Coldstream,2021-07-05,4.599,1.040,3.744,14
Cumnock,2021-07-05,5.644,1.677,4.480,18
Dalbeattie,2021-07-05,3.826,0.639,3.464,20
Daldowie,2021-07-05,5.396,1.984,4.491,24
Dalmarnock,2021-07-05,5.335,1.267,4.848,16
Dalmuir,2021-07-05,5.334,1.239,4.743,45
Dalmuir - Auchinairn (6298),2021-07-05,5.063,6.826,3.324,11
Dalmuir - Auchinairn (6330),2021-07-05,5.030,0.957,4.469,11
Dalmuir - Clydebank,2021-07-05,5.005,0.378,4.659,9
Denny,2021-07-05,5.080,1.404,4.326,19
Dunbar,2021-07-05,5.520,1.498,4.523,13
Dunblane,2021-07-05,5.268,0.956,4.503,13
Dunfermline,2021-07-05,5.329,0.852,4.743,45
Dunnswood,2021-07-05,5.547,1.732,4.414,18
Duns,2021-07-05,4.129,2.624,3.109,14
East Calder,2021-07-05,5.218,1.636,4.448,27
Ellon,2021-07-05,4.351,1.361,3.596,9
Fairlie,2021-07-05,3.273,0.204,3.168,14
Falkirk,2021-07-05,5.122,1.055,4.499,39
Fauldhouse,2021-07-05,5.720,1.361,4.823,25
Forfar,2021-07-05,4.919,1.016,4.292,15
Forres,2021-07-05,4.964,1.337,3.985,9
Fraserburgh,2021-07-05,5.219,1.545,4.166,21
Galashiels,2021-07-05,4.392,1.237,3.609,31
Hamilton,2021-07-05,5.263,1.218,4.696,41
Harthill,2021-07-05,5.227,1.063,4.112,21
Hatton,2021-07-05,5.685,1.360,4.955,43
Hatton - Fintry East,2021-07-05,6.076,1.858,4.521,9
Hatton - Fintry North,2021-07-05,5.696,0.618,5.212,8
Hatton - Fintry West,2021-07-05,5.390,0.395,4.998,9
Hawick,2021-07-05,5.983,2.645,3.950,37
Helensburgh,2021-07-05,3.926,0.516,3.614,36
Huntly,2021-07-05,3.581,,3.752,4
Inverclyde,2021-07-05,5.003,1.184,4.396,29
Inverclyde - Gourock,2021-07-05,5.205,-0.053,5.232,11
Inverurie,2021-07-05,5.463,2.390,4.117,11
Ironmill Bay,2021-07-05,4.071,-0.777,4.560,21
Kelso,2021-07-05,4.411,1.040,3.595,9
Kincardine,2021-07-05,4.613,1.039,3.818,18
Kirkcaldy,2021-07-05,5.459,1.347,4.957,22
Kirkwall,2021-07-05,4.061,0.466,3.723,24
Lanark,2021-07-05,4.059,-0.563,4.417,21
Langholm,2021-07-05,4.449,,4.368,2
Largs,2021-07-05,3.922,-0.317,4.124,16
Lerwick,2021-07-05,3.642,0.283,3.330,16
Lesmahagow,2021-07-05,4.932,1.271,3.834,16
Levenmouth,2021-07-05,5.036,1.165,4.373,46
Linlithgow,2021-07-05,5.109,1.452,4.211,27
Loch Ryan,2021-07-05,4.585,,3.107,4
Lockerbie,2021-07-05,4.992,2.791,2.917,28
Lossiemouth,2021-07-05,4.819,3.906,3.687,20
Mauldslie,2021-07-05,4.957,1.377,4.328,24
Maybole,2021-07-05,4.663,0.946,3.938,15
Meadowhead,2021-07-05,4.873,0.438,4.665,41
Meadowhead - Kilmarnock HMP,2021-07-05,4.697,2.327,3.744,8
Nairn,2021-07-05,5.313,1.845,3.929,28
Neilston,2021-07-05,5.429,2.762,4.022,17
New Cumnock,2021-07-05,5.181,1.332,4.347,20
Newburgh,2021-07-05,4.344,1.101,3.543,18
Newport & Tayport,2021-07-05,5.192,0.837,4.568,17
Newtown St Boswell,2021-07-05,4.543,1.428,3.374,13
Nigg,2021-07-05,5.592,1.421,4.717,48
Paisley,2021-07-05,5.249,1.486,4.611,19
Paisley - Blackhall,2021-07-05,5.026,-0.161,5.168,12
Paisley - Brediland,2021-07-05,4.224,0.100,4.126,10
Peebles,2021-07-05,4.672,3.099,3.344,28
Penicuik,2021-07-05,5.565,0.715,5.074,18
Perth,2021-07-05,4.597,-0.022,4.607,19
Peterhead,2021-07-05,3.918,0.656,3.569,22
Philipshill,2021-07-05,5.168,0.699,4.779,45
Sanquhar,2021-07-05,5.258,0.903,4.528,9
Seafield,2021-07-05,5.163,0.263,5.012,41
Seafield - Cockenzie,2021-07-05,4.747,,5.116,5
Selkirk,2021-07-05,4.202,,3.751,5
Shieldhall,2021-07-05,5.043,0.269,4.885,53
Shieldhall - Barrhead,2021-07-05,4.657,0.230,4.517,12
Shieldhall - Gorbals,2021-07-05,5.159,0.449,4.908,12
Shieldhall - Pollockshields West,2021-07-05,4.495,,5.109,4
Shotts,2021-07-05,5.472,2.345,4.420,23
St Andrews,2021-07-05,5.064,1.274,4.410,19
Stevenston,2021-07-05,4.625,0.376,4.471,21
Stevenston - Stevenston East,2021-07-05,5.561,0.802,4.781,10
Stevenston - Stevenston West,2021-07-05,4.097,0.121,4.025,11
Stirling,2021-07-05,4.873,2.168,3.680,36
Stonehouse,2021-07-05,4.913,1.368,4.117,22
Stornoway,2021-07-05,3.926,1.240,3.229,8
Strathaven,2021-07-05,4.269,1.214,3.669,19
Swinstie,2021-07-05,5.493,2.591,4.200,19
Tillicoultry,2021-07-05,4.557,0.584,4.155,19
Troqueer,2021-07-05,4.700,0.903,4.113,31
Turriff,2021-07-05,4.458,,3.567,6
Whitburn,2021-07-05,4.991,0.467,4.645,28
Winchburgh,2021-07-05,4.920,0.603,4.497,24
Allanfearn,2021-07-12,4.973,0.711,4.485,48
Allers,2021-07-12,5.236,0.581,4.855,26
Alloa,2021-07-12,5.319,1.544,4.805,28
Alva,2021-07-12,4.641,-0.115,4.715,20
Ardoch,2021-07-12,4.595,0.702,4.203,20
Aviemore,2021-07-12,5.951,,4.541,4
Banchory,2021-07-12,4.425,1.546,3.501,10
Banff,2021-07-12,4.890,1.918,3.635,12
Bathgate,2021-07-12,4.971,0.437,4.652,26
Blackburn,2021-07-12,5.243,0.648,4.941,28
Blackridge,2021-07-12,6.700,2.332,4.921,28
Blackwood,2021-07-12,6.087,1.703,4.696,20
Blairgowrie,2021-07-12,5.440,1.557,4.498,16
Boness,2021-07-12,5.527,1.619,4.335,20
Bonnybridge,2021-07-12,4.666,-0.043,4.690,20
Bothwellbank,2021-07-12,5.681,2.768,4.412,25
Bowhouse,2021-07-12,4.864,0.939,4.172,19
Buckie,2021-07-12,5.192,,4.772,4
Carbarns,2021-07-12,5.527,1.213,4.857,45
Coldstream,2021-07-12,4.689,0.732,4.081,15
Cumnock,2021-07-12,5.033,0.277,4.822,19
Cupar,2021-07-12,4.762,1.030,4.028,19
Dalbeattie,2021-07-12,3.989,0.688,3.607,21
Dalmarnock,2021-07-12,5.517,1.149,5.037,17
Dalmuir,2021-07-12,5.417,0.871,4.976,46
Dalmuir - Auchinairn (6298),2021-07-12,5.363,7.509,3.449,12
Dalmuir - Auchinairn (6330),2021-07-12,5.190,0.797,4.690,12
Dalmuir - Clydebank,2021-07-12,4.793,-0.002,4.796,10
Denny,2021-07-12,4.915,0.589,4.590,20
Dunbar,2021-07-12,5.660,1.074,4.850,14
Dunblane,2021-07-12,4.862,0.067,4.804,14
Dunfermline,2021-07-12,5.650,0.942,4.974,46
Duns,2021-07-12,4.274,2.069,3.300,15
East Calder,2021-07-12,5.031,0.724,4.679,28
Ellon,2021-07-12,4.596,1.187,3.868,10
Fairlie,2021-07-12,3.585,0.757,3.209,15
Falkirk,2021-07-12,5.051,0.501,4.744,40
Forfar,2021-07-12,5.280,1.131,4.539,16
Fort William,2021-07-12,4.973,9.285,3.472,31
Fraserburgh,2021-07-12,5.481,1.395,4.501,22
Hamilton,2021-07-12,5.344,0.880,4.919,42
Harthill,2021-07-12,5.370,0.764,4.551,22
Hatton,2021-07-12,5.268,0.081,5.219,44
Hatton - Fintry East,2021-07-12,5.132,0.178,4.932,10
Hatton - Fintry North,2021-07-12,5.663,0.322,5.402,9
Hatton - Fintry West,2021-07-12,6.081,0.941,5.152,10
Huntly,2021-07-12,4.003,,3.685,5
Inverclyde,2021-07-12,4.765,0.244,4.635,30
Inverclyde - Gourock,2021-07-12,4.886,-0.694,5.222,12
Ironmill Bay,2021-07-12,4.767,0.650,4.368,22
Kirkcaldy,2021-07-12,5.192,0.125,5.140,23
Kirkwall,2021-07-12,4.766,1.240,3.856,25
Lanark,2021-07-12,4.632,0.571,4.276,22
Langholm,2021-07-12,4.586,,4.400,3
Largs,2021-07-12,4.226,0.294,4.045,17
Lerwick,2021-07-12,3.897,0.411,3.453,17
Lesmahagow,2021-07-12,5.295,1.204,4.259,17
Levenmouth,2021-07-12,5.009,0.634,4.634,47
Linlithgow,2021-07-12,5.459,1.412,4.515,28
Loch Ryan,2021-07-12,3.677,,3.689,5
Lockerbie,2021-07-12,3.831,0.674,3.283,29
Lossiemouth,2021-07-12,4.847,3.512,3.830,21
Maybole,2021-07-12,4.665,0.558,4.224,16
Meadowhead,2021-07-12,4.899,0.318,4.747,42
Meadowhead - Kilmarnock HMP,2021-07-12,5.086,2.084,3.946,9
Nairn,2021-07-12,4.775,0.580,4.298,29
Neilston,2021-07-12,4.986,1.082,4.273,18
New Cumnock,2021-07-12,5.121,0.726,4.655,21
Newburgh,2021-07-12,4.885,1.370,3.858,19
Newport & Tayport,2021-07-12,4.608,-0.256,4.813,18
Newtown St Boswell,2021-07-12,4.558,0.909,3.777,14
Nigg,2021-07-12,4.931,-0.131,5.020,49
Paisley,2021-07-12,5.289,0.988,4.822,20
Paisley - Blackhall,2021-07-12,5.118,0.006,5.112,13
Paisley - Brediland,2021-07-12,4.000,-0.176,4.164,11
Penicuik,2021-07-12,5.672,0.564,5.267,19
Perth,2021-07-12,5.118,1.107,4.603,20
Peterhead,2021-07-12,3.958,0.472,3.706,23
Philipshill,2021-07-12,5.175,0.430,4.932,46
Sanquhar,2021-07-12,4.035,-0.946,4.815,10
Seafield,2021-07-12,5.114,0.072,5.072,42
Seafield - Cockenzie,2021-07-12,5.710,,4.971,6
Shieldhall,2021-07-12,5.184,0.403,4.947,54
Shieldhall - Barrhead,2021-07-12,5.341,1.290,4.572,13
Shieldhall - Gorbals,2021-07-12,4.909,-0.175,5.007,13
Shieldhall - Pollockshields West,2021-07-12,4.031,,4.867,5
Springfield,2021-07-12,4.883,1.937,3.751,21
St Andrews,2021-07-12,5.180,0.940,4.663,20
Stevenston,2021-07-12,4.752,0.524,4.532,22
Stevenston - Stevenston East,2021-07-12,4.765,-0.318,5.088,11
Stevenston - Stevenston West,2021-07-12,3.529,-0.922,4.054,12
Tillicoultry,2021-07-12,5.562,1.824,4.313,20
Troqueer,2021-07-12,4.410,0.101,4.344,32
Turriff,2021-07-12,4.093,2.199,3.663,7
Whitburn,2021-07-12,5.677,1.214,4.781,29
Winchburgh,2021-07-12,5.426,1.064,4.663,25
Allanfearn,2021-07-19,4.944,0.377,4.677,49
Allers,2021-07-19,5.037,0.048,5.005,27
Alloa,2021-07-19,4.908,-0.164,4.968,29
Alva,2021-07-19,4.960,0.431,4.686,21
Annan,2021-07-19,5.000,0.631,4.536,30
Ardoch,2021-07-19,4.369,0.021,4.357,21
Armadale,2021-07-19,5.348,0.395,5.101,28
Aviemore,2021-07-19,5.487,,5.096,5
Banchory,2021-07-19,4.832,1.580,3.795,11
Banff,2021-07-19,5.024,1.366,3.957,13
Bathgate,2021-07-19,5.497,0.988,4.777,27
Blackburn,2021-07-19,4.994,-0.133,5.060,29
Blackridge,2021-07-19,5.014,-0.312,5.296,29
Blackwood,2021-07-19,5.809,0.806,5.098,21
Blairgowrie,2021-07-19,4.585,-0.314,4.796,17
Boness,2021-07-19,4.802,0.130,4.697,21
Bonnybridge,2021-07-19,5.056,0.677,4.680,21
Bothwellbank,2021-07-19,4.820,0.330,4.638,26
Buckie,2021-07-19,4.924,,4.937,5
Carbarns,2021-07-19,5.424,0.518,5.121,46
Coldstream,2021-07-19,4.923,0.716,4.320,16
Cumnock,2021-07-19,4.880,-0.032,4.905,20
Cupar,2021-07-19,4.095,-0.299,4.317,20
Dalbeattie,2021-07-19,4.806,1.902,3.757,22
Daldowie,2021-07-19,5.464,1.534,4.715,25
Dalmarnock,2021-07-19,5.242,0.034,5.226,18
Dalmuir,2021-07-19,5.133,-0.030,5.149,47
Dalmuir - Auchinairn (6298),2021-07-19,4.213,2.504,3.575,13
Dalmuir - Auchinairn (6330),2021-07-19,4.890,0.006,4.887,13
Dalmuir - Clydebank,2021-07-19,4.850,0.062,4.795,11
Denny,2021-07-19,4.887,0.306,4.718,21
Dunbar,2021-07-19,5.056,-0.136,5.169,15
Dunblane,2021-07-19,4.704,-0.141,4.827,15
Dunfermline,2021-07-19,5.383,0.186,5.240,47
Dunnswood,2021-07-19,5.125,0.562,4.735,19
Duns,2021-07-19,4.396,1.600,3.531,16
East Calder,2021-07-19,4.952,0.276,4.818,29
Ellon,2021-07-19,4.317,0.241,4.155,11
Fairlie,2021-07-19,4.015,1.343,3.357,16
Falkirk,2021-07-19,4.742,-0.196,4.865,41
Fauldhouse,2021-07-19,5.400,0.350,5.147,26
Forfar,2021-07-19,4.992,0.226,4.830,17
Fort William,2021-07-19,4.814,7.807,3.552,32
Fraserburgh,2021-07-19,5.269,0.573,4.846,23
Galashiels,2021-07-19,4.584,1.030,3.917,32
Girvan,2021-07-19,5.117,2.990,3.694,13
Hamilton,2021-07-19,5.357,0.539,5.086,43
Harthill,2021-07-19,5.268,0.359,4.873,23
Hatton,2021-07-19,4.962,-0.444,5.239,45
Hatton - Fintry East,2021-07-19,4.560,-0.407,5.011,11
Hatton - Fintry North,2021-07-19,4.940,-0.692,5.505,10
Hatton - Fintry West,2021-07-19,5.112,-0.386,5.518,11
Hawick,2021-07-19,4.744,0.466,4.328,38
Helensburgh,2021-07-19,4.610,1.482,3.737,37
Huntly,2021-07-19,4.462,,3.810,6
Inverclyde,2021-07-19,4.687,0.002,4.686,31
Inverclyde - Gourock,2021-07-19,4.455,-1.364,5.090,13
Inverurie,2021-07-19,5.041,0.903,4.394,12
Ironmill Bay,2021-07-19,4.868,0.552,4.525,23
Kelso,2021-07-19,4.079,0.198,3.916,10
Kirkcaldy,2021-07-19,5.310,0.352,5.161,24
Kirkwall,2021-07-19,4.059,-0.196,4.214,26
Lanark,2021-07-19,4.376,-0.066,4.416,23
Largs,2021-07-19,4.191,0.125,4.116,18
Lerwick,2021-07-19,4.305,0.635,3.627,18
Lesmahagow,2021-07-19,4.675,0.009,4.667,18
Levenmouth,2021-07-19,5.139,0.588,4.781,48
Linlithgow,2021-07-19,4.974,0.175,4.844,29
Loch Ryan,2021-07-19,4.388,,3.684,6
Lockerbie,2021-07-19,4.541,1.303,3.499,30
Lossiemouth,2021-07-19,4.843,2.414,3.972,22
Mauldslie,2021-07-19,5.275,1.552,4.553,25
Maybole,2021-07-19,4.022,-0.466,4.397,17
Meadowhead,2021-07-19,5.001,0.408,4.807,43
Meadowhead - Kilmarnock HMP,2021-07-19,4.880,0.970,4.215,10
Nairn,2021-07-19,4.013,-0.564,4.485,30
Neilston,2021-07-19,5.060,0.715,4.553,19
New Cumnock,2021-07-19,4.932,0.144,4.838,22
Newport & Tayport,2021-07-19,4.338,-0.490,4.732,19
Newtown St Boswell,2021-07-19,5.631,1.748,4.084,15
Nigg,2021-07-19,5.154,0.247,4.985,50
Paisley,2021-07-19,5.333,0.646,5.006,21
Paisley - Blackhall,2021-07-19,5.293,0.215,5.114,14
Paisley - Brediland,2021-07-19,3.698,-0.450,4.100,12
Peebles,2021-07-19,4.155,1.220,3.555,29
Perth,2021-07-19,4.805,-0.002,4.806,21
Peterhead,2021-07-19,3.438,-0.685,3.805,24
Philipshill,2021-07-19,5.075,0.082,5.028,47
Sanquhar,2021-07-19,4.904,0.502,4.508,11
Seafield,2021-07-19,5.038,-0.085,5.088,43
Seafield - Cockenzie,2021-07-19,5.026,-0.240,5.262,7
Selkirk,2021-07-19,4.316,,3.928,6
Shieldhall,2021-07-19,5.027,-0.022,5.040,55
Shieldhall - Barrhead,2021-07-19,5.380,0.798,4.865,14
Shieldhall - Gorbals,2021-07-19,4.825,-0.265,4.969,14
Shieldhall - Pollockshields West,2021-07-19,4.783,,4.675,6
Shotts,2021-07-19,5.486,1.708,4.641,24
Skellyton,2021-07-19,6.003,1.428,4.977,19
Springfield,2021-07-19,4.835,1.236,4.038,22
St Andrews,2021-07-19,4.921,0.094,4.866,21
Stevenston,2021-07-19,4.379,-0.548,4.618,23
Stevenston - Stevenston East,2021-07-19,3.961,-1.019,4.961,12
Stevenston - Stevenston West,2021-07-19,4.218,0.659,3.847,13
Stirling,2021-07-19,4.508,0.942,3.950,37
Stonehouse,2021-07-19,4.357,-0.075,4.404,23
Stornoway,2021-07-19,4.468,1.767,3.504,9
Strathaven,2021-07-19,4.902,2.053,3.905,20
Swinstie,2021-07-19,5.275,1.496,4.445,20
Tillicoultry,2021-07-19,5.590,1.245,4.650,21
Troqueer,2021-07-19,4.622,0.385,4.370,33
Turriff,2021-07-19,1.000,-8.810,3.759,8
Whitburn,2021-07-19,5.273,0.179,5.134,30
Winchburgh,2021-07-19,5.456,0.642,4.963,26
Allanfearn,2021-07-26,5.114,0.460,4.782,50
Allers,2021-07-26,5.262,0.366,5.018,28
Alva,2021-07-26,4.582,-0.328,4.794,22
Ardoch,2021-07-26,4.731,0.634,4.362,22
Armadale,2021-07-26,5.662,0.725,5.198,29
Aviemore,2021-07-26,5.196,,5.250,6
Banchory,2021-07-26,4.129,0.016,4.118,12
Banff,2021-07-26,4.823,0.552,4.341,14
Bathgate,2021-07-26,4.726,-0.441,5.061,28
Blackburn,2021-07-26,5.037,0.005,5.034,30
Blackridge,2021-07-26,5.451,0.300,5.185,30
Blackwood,2021-07-26,5.430,0.058,5.378,22
Blairgowrie,2021-07-26,5.084,0.564,4.713,18
Boness,2021-07-26,4.850,0.138,4.738,22
Bonnybridge,2021-07-26,4.882,0.095,4.828,22
Bothwellbank,2021-07-26,5.293,1.059,4.709,27
Buckie,2021-07-26,4.703,,4.932,6
Carbarns,2021-07-26,5.427,0.310,5.240,47
Coldstream,2021-07-26,4.972,0.479,4.558,17
Cumnock,2021-07-26,5.209,0.411,4.895,21
Cupar,2021-07-26,4.534,0.418,4.230,21
Daldowie,2021-07-26,5.214,0.500,4.955,26
Dalmarnock,2021-07-26,5.347,0.245,5.232,19
Dalmuir,2021-07-26,4.999,-0.267,5.143,48
Dalmuir - Auchinairn (6298),2021-07-26,4.527,1.623,3.700,14
Dalmuir - Auchinairn (6330),2021-07-26,4.760,-0.191,4.888,14
Denny,2021-07-26,4.769,-0.029,4.784,22
Dunbar,2021-07-26,4.572,-0.670,5.124,16
Dunblane,2021-07-26,4.975,0.229,4.779,16
Dunfermline,2021-07-26,5.191,-0.134,5.296,48
Dunnswood,2021-07-26,5.293,0.582,4.889,20
Duns,2021-07-26,3.713,-0.140,3.797,17
East Calder,2021-07-26,5.123,0.524,4.870,30
Ellon,2021-07-26,4.804,0.858,4.219,12
Fairlie,2021-07-26,3.005,-1.156,3.598,17
Falkirk,2021-07-26,4.617,-0.321,4.816,42
Fauldhouse,2021-07-26,5.012,-0.316,5.247,27
Forfar,2021-07-26,4.418,-0.648,4.894,18
Fort William,2021-07-26,4.976,8.316,3.631,33
Fraserburgh,2021-07-26,5.434,0.563,5.013,24
Galashiels,2021-07-26,4.378,0.296,4.179,33
Girvan,2021-07-26,5.048,1.770,3.928,14
Guardbridge,2021-07-26,4.327,1.613,3.561,15
Hamilton,2021-07-26,5.438,0.474,5.193,44
Harthill,2021-07-26,6.038,0.908,5.028,24
Hatton,2021-07-26,4.859,-0.438,5.130,46
Hatton - Fintry East,2021-07-26,4.303,-0.505,4.833,12
Hatton - Fintry North,2021-07-26,5.602,0.413,5.283,11
Hatton - Fintry West,2021-07-26,4.620,-0.730,5.358,12
Hawick,2021-07-26,4.962,0.529,4.491,39
Helensburgh,2021-07-26,4.345,0.538,4.026,38
Huntly,2021-07-26,4.116,0.081,4.066,7
Inverclyde,2021-07-26,4.914,0.428,4.686,32
Inverclyde - Gourock,2021-07-26,4.885,0.052,4.861,14
Inverurie,2021-07-26,4.897,0.332,4.649,13
Ironmill Bay,2021-07-26,4.952,0.462,4.660,24
Kelso,2021-07-26,4.241,0.323,3.980,11
Kirkcaldy,2021-07-26,5.208,-0.026,5.220,25
Kirkwall,2021-07-26,4.256,0.130,4.153,27
Lanark,2021-07-26,5.037,1.067,4.401,24
Langholm,2021-07-26,5.059,,4.473,4
Largs,2021-07-26,4.260,0.195,4.145,19
Lerwick,2021-07-26,4.185,0.270,3.894,19
Lesmahagow,2021-07-26,4.716,0.053,4.670,19
Linlithgow,2021-07-26,4.779,-0.153,4.895,30
Loch Ryan,2021-07-26,4.389,0.608,3.961,7
Lossiemouth,2021-07-26,4.954,1.958,4.150,23
Mauldslie,2021-07-26,5.087,0.618,4.781,26
Meadowhead,2021-07-26,4.902,0.040,4.883,44
Meadowhead - Kilmarnock HMP,2021-07-26,4.686,0.290,4.477,11
Neilston,2021-07-26,4.926,0.231,4.753,20
New Cumnock,2021-07-26,4.743,-0.204,4.875,23
Newport & Tayport,2021-07-26,4.449,-0.162,4.577,20
Newtown St Boswell,2021-07-26,5.028,0.500,4.519,16
Nigg,2021-07-26,5.021,-0.043,5.051,51
Paisley,2021-07-26,5.046,-0.166,5.134,22
Paisley - Blackhall,2021-07-26,4.573,-0.742,5.185,15
Paisley - Brediland,2021-07-26,3.676,-0.311,3.942,13
Peebles,2021-07-26,4.832,2.086,3.791,30
Penicuik,2021-07-26,5.022,-0.541,5.426,20
Perth,2021-07-26,4.764,-0.082,4.806,22
Peterhead,2021-07-26,4.109,0.858,3.661,25
Philipshill,2021-07-26,5.529,0.837,5.046,48
Sanquhar,2021-07-26,4.542,-0.159,4.664,12
Seafield,2021-07-26,4.868,-0.341,5.069,44
Seafield - Cockenzie,2021-07-26,4.395,-0.847,5.169,8
Shieldhall,2021-07-26,4.963,-0.123,5.035,56
Shieldhall - Barrhead,2021-07-26,4.815,-0.372,5.068,15
Shieldhall - Gorbals,2021-07-26,4.505,-0.776,4.912,15
Shieldhall - Pollockshields West,2021-07-26,4.345,-0.803,4.718,7
Shotts,2021-07-26,5.453,1.071,4.884,25
Skellyton,2021-07-26,5.571,0.309,5.330,20
Springfield,2021-07-26,5.702,1.968,4.352,23
St Andrews,2021-07-26,4.912,0.041,4.888,22
St Andrews - University (2979),2021-07-26,4.022,,,0
St Andrews - University (4964),2021-07-26,3.153,,,0
Stevenston,2021-07-26,4.624,0.233,4.524,24
Stevenston - Stevenston East,2021-07-26,4.614,0.049,4.568,13
Stevenston - Stevenston West,2021-07-26,5.815,3.349,3.993,14
Stirling,2021-07-26,4.534,0.608,4.170,38
Stonehouse,2021-07-26,4.600,0.353,4.385,24
Stornoway,2021-07-26,4.206,0.721,3.772,10
Strathaven,2021-07-26,4.578,0.844,4.144,21
Swinstie,2021-07-26,5.269,0.956,4.718,21
Tillicoultry,2021-07-26,5.216,0.243,5.020,22
Turriff,2021-07-26,3.199,-1.299,3.605,9
Whitburn,2021-07-26,4.902,-0.368,5.188,31
Winchburgh,2021-07-26,5.042,-0.142,5.157,27
Allanfearn,2021-08-02,4.638,-0.370,4.913,51
Alloa,2021-08-02,4.928,-0.045,4.945,30
Annan,2021-08-02,4.642,-0.100,4.719,31
Aviemore,2021-08-02,5.360,0.120,5.228,7
Banchory,2021-08-02,4.045,-0.106,4.122,13
Banff,2021-08-02,4.332,-0.219,4.531,15
Blairgowrie,2021-08-02,4.912,0.079,4.859,19
Boness,2021-08-02,4.955,0.213,4.782,23
Bonnybridge,2021-08-02,5.076,0.401,4.849,23
Carbarns,2021-08-02,5.613,0.485,5.313,48
Coldstream,2021-08-02,5.219,0.565,4.721,18
Dalbeattie,2021-08-02,4.687,1.091,4.028,23
Daldowie,2021-08-02,5.333,0.525,5.057,27
Dalmuir,2021-08-02,5.031,-0.102,5.086,49
Dalmuir - Auchinairn (6298),2021-08-02,4.796,1.252,3.951,15
Dalmuir - Auchinairn (6330),2021-08-02,4.213,-0.949,4.838,15
Dunblane,2021-08-02,4.694,-0.188,4.856,17
Dunfermline,2021-08-02,5.216,-0.049,5.255,49
East Calder,2021-08-02,4.890,-0.164,4.970,31
Ellon,2021-08-02,4.712,0.359,4.449,13
Eyemouth,2021-08-02,4.889,2.639,3.291,8
Fairlie,2021-08-02,3.714,0.698,3.365,18
Falkirk,2021-08-02,4.274,-0.759,4.738,43
Fauldhouse,2021-08-02,4.209,-1.277,5.154,28
Forfar,2021-08-02,4.498,-0.291,4.707,19
Forres,2021-08-02,4.865,0.666,4.345,10
Fort William,2021-08-02,5.060,8.345,3.711,34
Galashiels,2021-08-02,4.359,0.149,4.258,34
Guardbridge,2021-08-02,4.826,1.947,3.794,16
Hamilton,2021-08-02,5.264,-0.047,5.289,45
Hatton,2021-08-02,4.644,-0.621,5.023,47
Hatton - Fintry East,2021-08-02,4.415,-0.210,4.625,13
Hatton - Fintry North,2021-08-02,5.311,-0.126,5.409,12
Hatton - Fintry West,2021-08-02,5.211,0.149,5.067,13
Hawick,2021-08-02,4.489,-0.209,4.677,40
Helensburgh,2021-08-02,4.180,0.049,4.152,39
Huntly,2021-08-02,4.992,1.571,4.086,8
Inverclyde - Gourock,2021-08-02,5.277,0.886,4.871,15
Ironmill Bay,2021-08-02,3.919,-1.326,4.775,25
Kirkcaldy,2021-08-02,4.845,-0.823,5.215,26
Kirkwall,2021-08-02,4.280,0.108,4.194,28
Langholm,2021-08-02,4.507,,4.704,5
Lerwick,2021-08-02,3.506,-0.468,4.009,20
Loch Ryan,2021-08-02,4.123,-0.010,4.130,8
Lockerbie,2021-08-02,4.844,1.164,3.892,31
Lossiemouth,2021-08-02,4.713,0.786,4.352,24
Meadowhead,2021-08-02,4.818,-0.150,4.891,45
Nairn,2021-08-02,4.749,0.549,4.300,31
Newport & Tayport,2021-08-02,4.374,-0.196,4.527,21
Newtown St Boswell,2021-08-02,3.675,-0.998,4.719,17
Nigg,2021-08-02,4.944,-0.136,5.039,52
Paisley,2021-08-02,4.994,-0.197,5.099,23
Paisley - Blackhall,2021-08-02,4.820,-0.156,4.944,16
Paisley - Brediland,2021-08-02,4.909,1.301,3.837,14
Peebles,2021-08-02,4.992,1.707,4.037,31
Peterhead,2021-08-02,3.735,-0.193,3.837,26
Philipshill,2021-08-02,5.062,-0.288,5.236,49
Seafield,2021-08-02,4.914,-0.130,4.990,45
Seafield - Cockenzie,2021-08-02,4.796,-0.078,4.864,9
Shieldhall,2021-08-02,4.863,-0.246,5.007,57
Shieldhall - Barrhead,2021-08-02,4.676,-0.440,4.968,16
Shieldhall - Gorbals,2021-08-02,4.662,-0.177,4.752,16
Shieldhall - Pollockshields West,2021-08-02,3.869,-1.537,4.571,8
St Andrews,2021-08-02,4.755,-0.237,4.898,23
Stevenston,2021-08-02,4.566,0.006,4.564,25
Stevenston - Stevenston East,2021-08-02,3.596,-1.086,4.586,14
Stevenston - Stevenston West,2021-08-02,3.697,-0.804,4.261,15
Stirling,2021-08-02,4.586,0.452,4.313,39
Stornoway,2021-08-02,4.415,0.792,3.943,11
Strathaven,2021-08-02,4.388,0.141,4.315,22
Troqueer,2021-08-02,4.469,-0.001,4.469,34
Allanfearn,2021-08-09,4.643,-0.220,4.804,52
Alloa,2021-08-09,4.827,-0.303,4.938,31
Annan,2021-08-09,4.843,0.200,4.688,32
Banchory,2021-08-09,4.449,0.501,4.092,14
Blackburn,2021-08-09,4.630,-0.813,5.035,31
Blairgowrie,2021-08-09,4.761,-0.177,4.880,20
Carbarns,2021-08-09,5.301,-0.204,5.431,49
Coldstream,2021-08-09,5.206,0.317,4.917,19
Cupar,2021-08-09,4.914,0.770,4.349,22
Dalbeattie,2021-08-09,4.510,0.351,4.288,24
Daldowie,2021-08-09,4.821,-0.643,5.165,28
Dalmarnock,2021-08-09,4.668,-1.275,5.277,20
Dalmuir,2021-08-09,4.747,-0.596,5.065,50
Dalmuir - Auchinairn (6298),2021-08-09,4.106,-0.220,4.283,16
Dalmuir - Auchinairn (6330),2021-08-09,4.189,-0.632,4.592,16
Dalmuir - Clydebank,2021-08-09,4.240,-0.670,4.816,12
Dunfermline,2021-08-09,4.730,-0.643,5.239,50
Dunnswood,2021-08-09,4.309,-1.054,5.048,21
East Calder,2021-08-09,4.522,-0.874,4.938,32
Eyemouth,2021-08-09,3.662,0.094,3.589,9
Falkirk,2021-08-09,4.798,0.408,4.555,44
Forfar,2021-08-09,3.866,-1.075,4.624,20
Forres,2021-08-09,4.373,-0.224,4.550,11
Fort William,2021-08-09,4.982,7.369,3.790,35
Galashiels,2021-08-09,4.672,0.550,4.297,35
Hamilton,2021-08-09,5.209,-0.131,5.279,46
Hatton,2021-08-09,4.637,-0.397,4.874,48
Hatton - Fintry East,2021-08-09,3.986,-0.584,4.542,14
Hatton - Fintry North,2021-08-09,4.994,-0.507,5.370,13
Hatton - Fintry West,2021-08-09,3.981,-1.215,5.124,14
Hawick,2021-08-09,4.063,-0.612,4.603,41
Helensburgh,2021-08-09,3.965,-0.347,4.163,40
Huntly,2021-08-09,4.096,-0.411,4.369,9
Inverclyde,2021-08-09,4.437,-0.628,4.776,33
Inverclyde - Gourock,2021-08-09,4.648,-0.854,5.030,16
Inverurie,2021-08-09,4.509,-0.314,4.747,14
Kirkcaldy,2021-08-09,5.196,0.288,5.069,27
Kirkwall,2021-08-09,3.772,-0.568,4.228,29
Langholm,2021-08-09,4.236,,4.626,6
Lerwick,2021-08-09,3.452,-0.342,3.811,21
Linlithgow,2021-08-09,4.913,0.084,4.849,31
Loch Ryan,2021-08-09,4.185,0.084,4.127,9
Lockerbie,2021-08-09,4.740,0.556,4.266,32
Lossiemouth,2021-08-09,4.571,0.161,4.494,25
Meadowhead,2021-08-09,4.774,-0.186,4.862,46
Meadowhead - Kilmarnock HMP,2021-08-09,3.709,-1.186,4.559,12
Nairn,2021-08-09,4.271,-0.248,4.476,32
Nigg,2021-08-09,4.738,-0.379,5.002,53
Paisley,2021-08-09,3.838,-2.280,5.058,24
Paisley - Blackhall,2021-08-09,4.121,-1.001,4.895,17
Paisley - Brediland,2021-08-09,3.140,-1.315,4.242,15
Peebles,2021-08-09,4.178,-0.215,4.312,32
Peterhead,2021-08-09,4.559,1.454,3.797,27
Philipshill,2021-08-09,5.206,0.064,5.168,50
Seafield,2021-08-09,4.819,-0.245,4.960,46
Seafield - Cockenzie,2021-08-09,4.975,0.168,4.837,10
Shieldhall,2021-08-09,4.915,-0.062,4.950,58
Shieldhall - Barrhead,2021-08-09,5.715,1.333,4.853,17
Shieldhall - Gorbals,2021-08-09,4.495,-0.450,4.716,17
St Andrews - University (2979),2021-08-09,3.079,,4.022,1
Stevenston,2021-08-09,4.679,0.263,4.565,26
Stevenston - Stevenston East,2021-08-09,3.227,-1.081,4.196,15
Stevenston - Stevenston West,2021-08-09,5.228,1.732,4.039,16
Stirling,2021-08-09,4.275,-0.238,4.420,40
Troqueer,2021-08-09,4.790,0.491,4.469,35
Allanfearn,2021-08-16,4.887,0.201,4.741,53
Alloa,2021-08-16,5.315,1.164,4.894,32
Annan,2021-08-16,5.019,0.346,4.749,33
Aviemore,2021-08-16,4.857,-0.409,5.280,8
Banchory,2021-08-16,4.191,-0.058,4.233,15
Bathgate,2021-08-16,5.208,0.374,4.929,29
Blackwood,2021-08-16,5.367,-0.035,5.398,23
Blairgowrie,2021-08-16,5.048,0.324,4.833,21
Carbarns,2021-08-16,4.952,-0.670,5.380,50
Cupar,2021-08-16,5.360,1.039,4.572,23
Dalbeattie,2021-08-16,5.889,2.347,4.375,25
Daldowie,2021-08-16,4.978,-0.099,5.030,29
Dalmarnock,2021-08-16,5.482,0.943,5.042,21
Dalmuir,2021-08-16,5.466,1.008,4.940,51
Dalmuir - Auchinairn (6298),2021-08-16,5.425,1.535,4.213,17
Dalmuir - Auchinairn (6330),2021-08-16,5.643,1.961,4.433,17
Dunblane,2021-08-16,5.200,0.483,4.792,18
Dunfermline,2021-08-16,5.274,0.303,5.039,51
Duns,2021-08-16,5.012,2.127,3.764,18
East Calder,2021-08-16,5.481,1.519,4.775,33
Ellon,2021-08-16,4.838,0.379,4.553,14
Fairlie,2021-08-16,3.577,0.150,3.502,19
Falkirk,2021-08-16,4.750,0.167,4.651,45
Fauldhouse,2021-08-16,5.252,0.638,4.790,29
Forfar,2021-08-16,4.466,0.203,4.326,21
Forres,2021-08-16,4.277,-0.268,4.480,12
Fraserburgh,2021-08-16,4.907,-0.356,5.178,25
Galashiels,2021-08-16,5.495,1.501,4.445,36
Hamilton,2021-08-16,5.488,0.441,5.252,47
Hatton,2021-08-16,5.067,0.490,4.781,49
Hatton - Fintry East,2021-08-16,5.175,0.931,4.323,15
Hatton - Fintry North,2021-08-16,4.425,-1.117,5.222,14
Hatton - Fintry West,2021-08-16,3.142,-1.654,4.674,15
Hawick,2021-08-16,4.449,0.068,4.390,42
Helensburgh,2021-08-16,3.542,-0.979,4.085,41
Huntly,2021-08-16,4.081,-0.287,4.262,10
Inverclyde,2021-08-16,4.968,0.618,4.643,34
Inverclyde - Gourock,2021-08-16,5.088,0.469,4.880,17
Kirkwall,2021-08-16,4.826,0.987,4.048,30
Lanark,2021-08-16,5.134,0.801,4.651,25
Lesmahagow,2021-08-16,4.284,-0.480,4.688,20
Linlithgow,2021-08-16,4.570,-0.397,4.875,32
Loch Ryan,2021-08-16,4.261,0.167,4.150,10
Lockerbie,2021-08-16,5.281,0.948,4.453,33
Lossiemouth,2021-08-16,4.923,0.827,4.524,26
Meadowhead,2021-08-16,5.314,1.037,4.827,47
Meadowhead - Kilmarnock HMP,2021-08-16,3.661,-0.817,4.225,13
Newburgh,2021-08-16,4.164,-0.078,4.227,20
Newport & Tayport,2021-08-16,4.467,-0.000,4.467,22
Newtown St Boswell,2021-08-16,4.284,-0.023,4.308,18
Nigg,2021-08-16,5.084,0.272,4.898,54
Paisley,2021-08-16,5.451,1.212,4.795,25
Paisley - Blackhall,2021-08-16,5.152,0.739,4.591,18
Peebles,2021-08-16,4.688,0.697,4.259,33
Perth,2021-08-16,5.232,0.865,4.789,23
Peterhead,2021-08-16,4.746,1.224,4.054,28
Philipshill,2021-08-16,5.164,-0.032,5.183,51
Seafield,2021-08-16,5.209,0.541,4.904,47
Seafield - Cockenzie,2021-08-16,5.139,0.319,4.892,11
Shieldhall,2021-08-16,5.500,1.000,4.936,59
Shieldhall - Barrhead,2021-08-16,5.085,-0.125,5.171,18
Shieldhall - Gorbals,2021-08-16,4.950,0.669,4.629,18
Shieldhall - Pollockshields West,2021-08-16,4.575,0.444,4.347,9
Shotts,2021-08-16,5.281,0.311,5.108,26
Springfield,2021-08-16,4.848,0.197,4.689,24
St Andrews - University (2979),2021-08-16,5.321,,3.651,2
St Andrews - University (4964),2021-08-16,3.473,,3.153,1
Stevenston,2021-08-16,5.332,1.649,4.609,27
Stevenston - Stevenston East,2021-08-16,5.180,1.510,3.815,16
Stevenston - Stevenston West,2021-08-16,5.200,1.147,4.377,17
Stirling - University,2021-08-16,3.922,,2.928,2
Troqueer,2021-08-16,5.545,1.435,4.595,36
Turriff,2021-08-16,4.558,3.490,3.451,10
Allanfearn,2021-08-23,5.462,0.915,4.798,54
Alloa,2021-08-23,5.532,1.228,5.060,33
Annan,2021-08-23,5.714,1.074,4.855,34
Aviemore,2021-08-23,5.159,0.046,5.114,9
Banchory,2021-08-23,5.393,1.663,4.216,16
Banff,2021-08-23,5.575,1.254,4.452,16
Blairgowrie,2021-08-23,5.011,0.140,4.918,22
Bonnybridge,2021-08-23,5.264,0.570,4.938,24
Bowhouse,2021-08-23,5.341,1.150,4.444,20
Buckie,2021-08-23,4.888,0.099,4.842,7
Carbarns,2021-08-23,5.588,0.602,5.211,51
Coldstream,2021-08-23,5.177,0.157,5.031,20
Dalbeattie,2021-08-23,5.818,1.429,4.692,26
Daldowie,2021-08-23,5.210,0.389,5.009,30
Dalmarnock,2021-08-23,5.422,0.427,5.215,22
Dalmuir,2021-08-23,5.357,0.387,5.147,52
Dalmuir - Auchinairn (6298),2021-08-23,5.424,0.874,4.602,18
Dalmuir - Auchinairn (6330),2021-08-23,5.541,1.183,4.737,18
Denny,2021-08-23,4.823,0.083,4.778,23
Dunbar,2021-08-23,5.210,0.377,4.907,17
Dunblane,2021-08-23,4.778,-0.205,4.953,19
Dunfermline,2021-08-23,5.584,0.581,5.131,52
Duns,2021-08-23,4.065,0.017,4.053,19
Fairlie,2021-08-23,4.084,1.128,3.532,20
Falkirk,2021-08-23,5.036,0.590,4.690,46
Fauldhouse,2021-08-23,5.733,1.042,4.972,30
Forfar,2021-08-23,4.927,0.805,4.381,22
Forres,2021-08-23,4.776,0.514,4.400,13
Fort William,2021-08-23,5.292,8.795,3.870,36
Fraserburgh,2021-08-23,5.074,0.003,5.071,26
Galashiels,2021-08-23,5.629,1.071,4.789,37
Guardbridge,2021-08-23,4.878,1.308,4.055,17
Hamilton,2021-08-23,5.658,0.570,5.345,48
Hatton,2021-08-23,5.276,0.657,4.893,50
Hatton - Fintry East,2021-08-23,4.116,-0.593,4.658,16
Hatton - Fintry North,2021-08-23,5.508,0.855,4.908,15
Hatton - Fintry West,2021-08-23,4.953,0.755,4.218,16
Hawick,2021-08-23,5.191,0.920,4.413,43
Helensburgh,2021-08-23,3.594,-0.505,3.871,42
Huntly,2021-08-23,5.466,2.133,4.191,11
Inverclyde,2021-08-23,5.026,0.475,4.771,35
Inverclyde - Gourock,2021-08-23,5.407,1.035,4.962,18
Kirkwall,2021-08-23,4.321,-0.040,4.354,31
Langholm,2021-08-23,4.406,-0.138,4.473,7
Lerwick,2021-08-23,3.487,-0.179,3.670,22
Loch Ryan,2021-08-23,4.882,1.060,4.193,11
Lockerbie,2021-08-23,5.376,0.644,4.779,34
Lossiemouth,2021-08-23,4.902,0.435,4.681,27
Mauldslie,2021-08-23,5.511,1.208,4.902,27
Meadowhead,2021-08-23,5.408,0.793,5.019,48
Meadowhead - Kilmarnock HMP,2021-08-23,4.173,0.254,4.003,14
Nairn,2021-08-23,5.310,1.123,4.396,33
Newburgh,2021-08-23,4.820,0.766,4.202,21
Newtown St Boswell,2021-08-23,4.880,0.582,4.299,19
Nigg,2021-08-23,5.434,0.674,4.971,55
Paisley - Blackhall,2021-08-23,5.348,0.717,4.812,19
Paisley - Brediland,2021-08-23,3.976,0.175,3.830,16
Peebles,2021-08-23,4.510,0.129,4.428,34
Penicuik,2021-08-23,5.733,0.634,5.267,21
Peterhead,2021-08-23,4.282,-0.073,4.327,29
Philipshill,2021-08-23,5.951,1.296,5.175,52
Sanquhar,2021-08-23,4.638,0.030,4.616,13
Seafield,2021-08-23,5.330,0.539,5.024,48
Shieldhall,2021-08-23,5.532,0.639,5.158,60
Shieldhall - Barrhead,2021-08-23,5.624,0.706,5.137,19
Shieldhall - Gorbals,2021-08-23,5.480,1.540,4.755,19
Shieldhall - Pollockshields West,2021-08-23,5.930,3.078,4.437,10
Skellyton,2021-08-23,5.715,0.366,5.425,21
St Andrews - University (2979),2021-08-23,4.612,,4.308,3
St Andrews - University (4964),2021-08-23,4.195,,3.279,2
Stevenston,2021-08-23,5.186,0.729,4.825,28
Stevenston - Stevenston East,2021-08-23,5.257,1.099,4.260,17
Stevenston - Stevenston West,2021-08-23,5.895,1.619,4.701,18
Stirling,2021-08-23,5.028,1.106,4.363,41
Stirling - University,2021-08-23,3.913,,3.319,3
Stornoway,2021-08-23,4.928,1.317,4.128,12
Troqueer,2021-08-23,5.171,0.344,4.921,37
Turriff,2021-08-23,4.389,1.652,3.607,11
Winchburgh,2021-08-23,5.132,0.024,5.112,28
Allanfearn,2021-08-30,5.747,0.902,5.060,55
Allers,2021-08-30,5.983,1.283,5.114,29
Alloa,2021-08-30,5.651,0.961,5.246,34
Alva,2021-08-30,5.390,1.072,4.710,23
Annan,2021-08-30,5.282,0.102,5.193,35
Ardoch,2021-08-30,4.233,-0.453,4.507,23
Armadale,2021-08-30,5.879,0.741,5.381,30
Aviemore,2021-08-30,5.391,0.284,5.132,10
Banchory,2021-08-30,5.146,0.728,4.564,17
Banff,2021-08-30,6.035,1.156,4.893,17
Bathgate,2021-08-30,5.298,0.347,5.039,30
Blackburn,2021-08-30,5.866,2.032,4.876,32
Blackridge,2021-08-30,5.189,-0.113,5.290,31
Blackwood,2021-08-30,5.746,0.397,5.386,24
Blairgowrie,2021-08-30,5.193,0.358,4.954,23
Boness,2021-08-30,5.510,0.802,4.850,24
Bonnybridge,2021-08-30,5.234,0.285,5.067,25
Bothwellbank,2021-08-30,5.956,1.753,4.939,28
Bowhouse,2021-08-30,5.671,1.028,4.797,21
Buckie,2021-08-30,4.401,-1.069,4.860,8
Carbarns,2021-08-30,5.811,0.706,5.359,52
Coldstream,2021-08-30,5.806,0.762,5.088,21
Cumnock,2021-08-30,5.406,0.502,5.019,22
Cupar,2021-08-30,5.082,0.245,4.882,24
Dalbeattie,2021-08-30,5.499,0.475,5.080,27
Daldowie,2021-08-30,5.293,0.396,5.088,31
Dalmarnock,2021-08-30,5.916,1.254,5.297,23
Dalmuir,2021-08-30,5.818,1.065,5.229,53
Dalmuir - Auchinairn (6298),2021-08-30,5.684,0.738,4.925,19
Dalmuir - Auchinairn (6330),2021-08-30,5.524,0.659,5.053,19
Denny,2021-08-30,3.778,-1.897,4.796,24
Dunbar,2021-08-30,5.546,0.644,5.026,18
Dunblane,2021-08-30,5.212,0.391,4.884,20
Dunfermline,2021-08-30,5.679,0.464,5.309,53
Dunnswood,2021-08-30,5.945,1.735,4.757,22
Duns,2021-08-30,4.608,0.796,4.057,20
East Calder,2021-08-30,5.476,0.962,5.003,34
Ellon,2021-08-30,5.421,0.974,4.665,15
Eyemouth,2021-08-30,5.344,2.333,3.618,10
Fairlie,2021-08-30,4.160,0.810,3.749,21
Falkirk,2021-08-30,5.510,1.157,4.826,47
Fauldhouse,2021-08-30,6.072,1.043,5.271,31
Forfar,2021-08-30,5.084,0.712,4.596,23
Forres,2021-08-30,4.542,-0.009,4.548,14
Fort William,2021-08-30,5.115,7.212,3.949,37
Fraserburgh,2021-08-30,5.714,0.861,5.072,27
Galashiels,2021-08-30,5.295,0.203,5.119,38
Guardbridge,2021-08-30,5.294,1.328,4.364,18
Hamilton,2021-08-30,6.013,0.957,5.468,49
Hatton,2021-08-30,5.719,1.138,5.044,51
Hatton - Fintry North,2021-08-30,5.509,0.525,5.144,16
Hatton - Fintry West,2021-08-30,5.344,0.884,4.507,17
Hawick,2021-08-30,5.092,0.432,4.719,44
Huntly,2021-08-30,5.404,1.288,4.485,12
Inverclyde,2021-08-30,5.356,0.891,4.871,36
Inverclyde - Gourock,2021-08-30,5.212,0.176,5.137,19
Inverurie,2021-08-30,5.756,1.501,4.653,15
Ironmill Bay,2021-08-30,4.889,0.684,4.458,26
Kelso,2021-08-30,4.679,0.743,4.083,12
Kirkcaldy,2021-08-30,5.659,1.217,5.119,28
Kirkwall,2021-08-30,4.349,0.009,4.341,32
Lanark,2021-08-30,5.371,0.866,4.841,26
Largs,2021-08-30,4.562,0.644,4.191,20
Lerwick,2021-08-30,3.461,-0.136,3.598,23
Lesmahagow,2021-08-30,5.706,1.433,4.529,21
Linlithgow,2021-08-30,5.207,0.598,4.755,33
Loch Ryan,2021-08-30,5.340,1.262,4.465,12
Lockerbie,2021-08-30,5.308,0.300,5.014,35
Lossiemouth,2021-08-30,5.472,1.335,4.768,28
Mauldslie,2021-08-30,5.973,1.531,5.141,28
Maybole,2021-08-30,5.614,1.738,4.250,18
Meadowhead,2021-08-30,5.869,1.352,5.172,49
Meadowhead - Kilmarnock HMP,2021-08-30,4.979,1.413,4.070,15
Nairn,2021-08-30,4.923,0.195,4.755,34
Neilston,2021-08-30,5.781,1.249,4.821,21
New Cumnock,2021-08-30,4.930,0.168,4.823,24
Newburgh,2021-08-30,5.196,0.893,4.445,22
Newport & Tayport,2021-08-30,5.637,1.542,4.467,23
Newtown St Boswell,2021-08-30,4.771,0.241,4.528,20
Nigg,2021-08-30,5.653,0.707,5.153,56
Paisley,2021-08-30,5.929,1.541,5.053,26
Paisley - Blackhall,2021-08-30,5.798,1.040,5.023,20
Paisley - Brediland,2021-08-30,4.051,0.202,3.887,17
Peebles,2021-08-30,4.863,0.629,4.460,35
Penicuik,2021-08-30,5.835,0.506,5.451,22
Perth,2021-08-30,5.586,1.144,4.963,24
Peterhead,2021-08-30,4.981,1.085,4.309,30
Philipshill,2021-08-30,5.943,0.730,5.469,53
Sanquhar,2021-08-30,5.997,1.928,4.625,14
Seafield,2021-08-30,5.471,0.565,5.145,49
Seafield - Cockenzie,2021-08-30,5.086,0.130,4.989,12
Selkirk,2021-08-30,4.872,1.119,4.081,7
Shieldhall,2021-08-30,5.725,0.697,5.305,61
Shieldhall - Barrhead,2021-08-30,5.708,0.530,5.329,20
Shieldhall - Gorbals,2021-08-30,4.826,-0.325,4.987,20
Shieldhall - Pollockshields West,2021-08-30,6.046,2.265,4.675,11
Shotts,2021-08-30,5.207,0.054,5.176,27
Skellyton,2021-08-30,5.957,0.518,5.539,22
Springfield,2021-08-30,5.709,1.163,4.752,25
St Andrews,2021-08-30,5.165,0.540,4.841,24
St Andrews - University (2979),2021-08-30,4.320,,4.428,4
St Andrews - University (4964),2021-08-30,4.282,,3.639,3
Stevenston,2021-08-30,5.065,0.187,4.967,29
Stevenston - Stevenston East,2021-08-30,4.975,0.354,4.652,18
Stirling,2021-08-30,4.259,-0.576,4.625,42
Stirling - University,2021-08-30,4.334,,3.553,4
Stonehouse,2021-08-30,5.625,1.890,4.470,25
Stornoway,2021-08-30,4.110,-0.472,4.427,13
Strathaven,2021-08-30,5.612,2.499,4.343,23
Swinstie,2021-08-30,6.133,2.021,4.935,22
Tillicoultry,2021-08-30,5.619,0.631,5.097,23
Troqueer,2021-08-30,5.365,0.463,5.019,38
Turriff,2021-08-30,5.945,4.147,3.840,12
Whitburn,2021-08-30,5.680,0.789,5.076,32
Winchburgh,2021-08-30,3.678,-1.756,5.120,29
Allanfearn,2021-09-06,5.742,0.507,5.330,56
Allers,2021-09-06,6.034,0.795,5.447,30
Alloa,2021-09-06,5.786,0.824,5.405,35
Alva,2021-09-06,5.732,1.127,4.978,24
Annan,2021-09-06,5.953,0.817,5.228,36
Armadale,2021-09-06,6.043,0.652,5.577,31
Aviemore,2021-09-06,5.210,-0.027,5.234,11
Banchory,2021-09-06,5.790,1.192,4.793,18
Banff,2021-09-06,5.936,0.538,5.342,18
Bathgate,2021-09-06,5.312,0.227,5.141,31
Blackburn,2021-09-06,5.546,0.766,5.115,33
Blackridge,2021-09-06,5.643,0.446,5.250,32
Boness,2021-09-06,5.794,0.793,5.109,25
Bonnybridge,2021-09-06,5.685,0.923,5.132,26
Bothwellbank,2021-09-06,6.114,1.335,5.225,29
Bowhouse,2021-09-06,5.613,0.504,5.141,22
Buckie,2021-09-06,4.998,0.756,4.680,9
Carbarns,2021-09-06,6.525,1.487,5.537,53
Coldstream,2021-09-06,5.430,0.060,5.370,22
Cumnock,2021-09-06,5.156,-0.019,5.171,23
Cupar,2021-09-06,5.456,0.591,4.961,25
Dalmarnock,2021-09-06,5.894,0.656,5.540,24
Dalmuir,2021-09-06,6.161,1.180,5.461,54
Dalmuir - Auchinairn (6298),2021-09-06,4.745,-0.431,5.224,20
Dalmuir - Auchinairn (6330),2021-09-06,5.185,-0.072,5.239,20
Denny,2021-09-06,3.775,-1.396,4.532,25
Dunblane,2021-09-06,5.240,0.269,5.013,21
Dunfermline,2021-09-06,6.288,1.020,5.455,54
Dunnswood,2021-09-06,6.260,1.577,5.094,23
Duns,2021-09-06,4.325,0.071,4.274,21
East Calder,2021-09-06,5.695,0.990,5.189,35
Ellon,2021-09-06,5.662,0.826,4.963,16
Eyemouth,2021-09-06,4.232,0.278,3.981,11
Fairlie,2021-09-06,4.287,0.714,3.911,22
Falkirk,2021-09-06,5.510,0.660,5.095,48
Fauldhouse,2021-09-06,5.842,0.310,5.586,32
Forfar,2021-09-06,5.504,1.026,4.788,24
Fort William,2021-09-06,5.881,11.454,4.029,38
Fraserburgh,2021-09-06,5.545,0.284,5.325,28
Galashiels,2021-09-06,4.976,-0.238,5.188,39
Girvan,2021-09-06,5.565,1.855,4.239,15
Guardbridge,2021-09-06,5.413,0.886,4.709,19
Hamilton,2021-09-06,6.393,1.158,5.682,50
Hatton,2021-09-06,5.535,0.357,5.310,52
Hatton - Fintry East,2021-09-06,6.145,1.926,4.445,17
Hatton - Fintry North,2021-09-06,6.213,1.351,5.288,17
Hawick,2021-09-06,4.454,-0.473,4.866,45
Helensburgh,2021-09-06,5.990,4.099,3.762,43
Huntly,2021-09-06,4.548,-0.372,4.836,13
Inverclyde,2021-09-06,5.585,0.911,5.062,37
Inverclyde - Gourock,2021-09-06,5.069,-0.234,5.167,20
Inverurie,2021-09-06,5.899,1.080,5.015,16
Ironmill Bay,2021-09-06,5.170,0.852,4.627,27
Kelso,2021-09-06,5.006,0.827,4.317,13
Kirkcaldy,2021-09-06,6.069,1.536,5.332,29
Kirkwall,2021-09-06,4.869,0.637,4.344,33
Lanark,2021-09-06,5.899,1.339,5.050,27
Langholm,2021-09-06,6.214,3.904,4.446,8
Largs,2021-09-06,5.012,1.168,4.337,21
Lerwick,2021-09-06,4.129,0.599,3.544,24
Lesmahagow,2021-09-06,5.104,0.200,4.933,22
Linlithgow,2021-09-06,5.615,0.879,4.933,34
Loch Ryan,2021-09-06,5.141,0.432,4.806,13
Lockerbie,2021-09-06,5.694,0.558,5.129,36
Lossiemouth,2021-09-06,5.131,0.175,5.027,29
Maybole,2021-09-06,5.587,1.082,4.636,19
Meadowhead,2021-09-06,5.612,0.324,5.425,50
Meadowhead - Kilmarnock HMP,2021-09-06,5.474,1.624,4.386,16
Nairn,2021-09-06,4.710,-0.128,4.821,35
Neilston,2021-09-06,5.321,0.143,5.198,22
New Cumnock,2021-09-06,5.541,1.068,4.865,25
Newburgh,2021-09-06,5.022,0.314,4.741,23
Newport & Tayport,2021-09-06,6.226,1.677,4.840,24
Newtown St Boswell,2021-09-06,4.472,-0.150,4.623,21
Nigg,2021-09-06,6.014,0.899,5.350,57
Paisley,2021-09-06,5.714,0.603,5.333,27
Paisley - Blackhall,2021-09-06,5.523,0.254,5.328,21
Paisley - Brediland,2021-09-06,3.377,-0.733,3.952,18
Peebles,2021-09-06,4.454,-0.247,4.619,36
Perth,2021-09-06,5.449,0.400,5.208,25
Peterhead,2021-09-06,4.836,0.390,4.573,31
Philipshill,2021-09-06,5.743,0.127,5.656,54
Sanquhar,2021-09-06,5.737,0.954,4.975,15
Seafield,2021-09-06,5.605,0.559,5.273,50
Selkirk,2021-09-06,5.092,0.912,4.392,8
Shieldhall,2021-09-06,5.700,0.363,5.471,62
Shieldhall - Barrhead,2021-09-06,5.358,-0.163,5.478,21
Shieldhall - Gorbals,2021-09-06,5.071,0.306,4.924,21
Shieldhall - Pollockshields West,2021-09-06,5.219,0.358,4.973,12
Springfield,2021-09-06,6.088,1.061,5.128,26
St Andrews,2021-09-06,5.664,1.125,4.969,25
St Andrews - University (2979),2021-09-06,4.331,,4.385,5
St Andrews - University (4964),2021-09-06,4.236,,3.892,4
Stevenston,2021-09-06,4.970,-0.067,5.006,30
Stevenston - Stevenston East,2021-09-06,4.070,-0.789,4.779,19
Stevenston - Stevenston West,2021-09-06,5.554,0.603,5.063,19
Stirling,2021-09-06,4.918,0.701,4.481,43
Stirling - University,2021-09-06,5.538,,3.860,5
Stonehouse,2021-09-06,5.627,1.227,4.770,26
Stornoway,2021-09-06,3.981,-0.497,4.302,14
Tillicoultry,2021-09-06,6.077,0.893,5.302,24
Troqueer,2021-09-06,5.595,0.567,5.155,39
Turriff,2021-09-06,5.769,3.307,4.090,13
Whitburn,2021-09-06,6.204,1.124,5.314,33
Winchburgh,2021-09-06,3.369,-1.665,4.716,30
Allanfearn,2021-09-13,5.497,0.006,5.492,57
Allers,2021-09-13,5.477,-0.253,5.678,31
Alloa,2021-09-13,5.291,-0.523,5.555,36
Alva,2021-09-13,5.325,0.069,5.274,25
Annan,2021-09-13,5.637,0.130,5.513,37
Armadale,2021-09-13,5.752,-0.011,5.760,32
Banchory,2021-09-13,4.942,-0.263,5.185,19
Banff,2021-09-13,5.434,-0.121,5.576,19
Bathgate,2021-09-13,5.369,0.211,5.208,32
Blackridge,2021-09-13,6.048,0.723,5.405,33
Blackwood,2021-09-13,4.969,-0.606,5.528,25
Blairgowrie,2021-09-13,5.173,0.185,5.048,24
Boness,2021-09-13,4.630,-0.816,5.379,26
Bonnybridge,2021-09-13,5.459,0.171,5.350,27
Bothwellbank,2021-09-13,5.818,0.357,5.552,30
Bowhouse,2021-09-13,5.498,0.172,5.326,23
Buckie,2021-09-13,4.941,0.334,4.805,10
Carbarns,2021-09-13,5.867,0.004,5.864,54
Coldstream,2021-09-13,4.881,-0.510,5.394,23
Cumnock,2021-09-13,5.650,0.612,5.165,24
Cupar,2021-09-13,5.114,-0.047,5.155,26
Dalbeattie,2021-09-13,4.867,-0.407,5.245,28
Daldowie,2021-09-13,5.599,0.824,5.169,32
Dalmarnock,2021-09-13,5.377,-0.526,5.679,25
Dalmuir,2021-09-13,5.282,-0.691,5.736,55
Dalmuir - Auchinairn (6298),2021-09-13,5.037,0.002,5.035,21
Dalmuir - Auchinairn (6330),2021-09-13,5.936,0.975,5.218,21
Denny,2021-09-13,4.435,0.311,4.266,26
Dunbar,2021-09-13,5.167,-0.076,5.231,19
Dunblane,2021-09-13,5.288,0.219,5.102,22
Dunfermline,2021-09-13,5.673,-0.125,5.783,55
Dunnswood,2021-09-13,5.348,-0.135,5.457,24
Duns,2021-09-13,4.816,0.722,4.294,22
East Calder,2021-09-13,5.526,0.254,5.388,36
Eyemouth,2021-09-13,4.790,0.812,4.080,12
Fairlie,2021-09-13,4.926,1.576,4.059,23
Falkirk,2021-09-13,5.266,0.012,5.258,49
Fauldhouse,2021-09-13,5.589,-0.115,5.687,33
Forfar,2021-09-13,5.375,0.414,5.070,25
Forres,2021-09-13,4.188,-0.504,4.545,15
Fort William,2021-09-13,5.090,6.073,4.108,39
Fraserburgh,2021-09-13,5.372,-0.051,5.412,29
Galashiels,2021-09-13,4.467,-0.708,5.105,40
Girvan,2021-09-13,5.531,1.127,4.591,16
Guardbridge,2021-09-13,5.032,0.052,4.986,20
Hamilton,2021-09-13,5.892,-0.102,5.962,51
Hatton,2021-09-13,5.529,0.200,5.398,53
Hatton - Fintry East,2021-09-13,6.154,1.312,4.879,18
Hawick,2021-09-13,4.573,-0.154,4.704,46
Helensburgh,2021-09-13,4.867,1.541,4.029,44
Inverclyde,2021-09-13,5.253,-0.023,5.268,38
Inverclyde - Gourock,2021-09-13,5.189,0.149,5.128,21
Inverurie,2021-09-13,5.340,-0.026,5.363,17
Ironmill Bay,2021-09-13,4.635,-0.313,4.841,28
Kelso,2021-09-13,4.650,0.070,4.588,14
Kirkcaldy,2021-09-13,5.493,-0.136,5.568,30
Langholm,2021-09-13,5.667,2.205,4.669,9
Largs,2021-09-13,5.060,0.756,4.602,22
Lerwick,2021-09-13,4.622,0.873,3.774,25
Lesmahagow,2021-09-13,5.188,0.220,5.000,23
Linlithgow,2021-09-13,5.638,0.532,5.201,35
Loch Ryan,2021-09-13,4.896,-0.052,4.938,14
Lockerbie,2021-09-13,5.442,0.085,5.352,37
Lossiemouth,2021-09-13,5.295,0.370,5.068,30
Maybole,2021-09-13,5.751,0.785,5.010,20
Meadowhead,2021-09-13,5.782,0.472,5.499,51
Nairn,2021-09-13,5.076,0.347,4.778,36
Neilston,2021-09-13,5.282,0.040,5.247,23
New Cumnock,2021-09-13,5.473,0.514,5.131,26
Newburgh,2021-09-13,5.089,0.255,4.851,24
Newport & Tayport,2021-09-13,5.221,-0.027,5.246,25
Newtown St Boswell,2021-09-13,4.845,0.283,4.564,22
Nigg,2021-09-13,4.643,-1.224,5.611,58
Paisley,2021-09-13,5.378,-0.158,5.483,28
Paisley - Blackhall,2021-09-13,5.531,0.165,5.405,22
Paisley - Brediland,2021-09-13,4.202,0.618,3.725,19
Penicuik,2021-09-13,5.627,0.032,5.602,23
Perth,2021-09-13,5.541,0.376,5.303,26
Peterhead,2021-09-13,5.192,0.732,4.677,32
Philipshill,2021-09-13,5.417,-0.389,5.690,55
Sanquhar,2021-09-13,5.261,-0.017,5.275,16
Seafield,2021-09-13,5.552,0.242,5.404,51
Selkirk,2021-09-13,4.130,-0.653,4.668,9
Shieldhall,2021-09-13,5.452,-0.167,5.561,63
Shieldhall - Barrhead,2021-09-13,5.752,0.437,5.431,22
Shieldhall - Gorbals,2021-09-13,5.159,0.372,4.982,22
Shieldhall - Pollockshields West,2021-09-13,5.388,0.478,5.070,13
Shotts,2021-09-13,5.754,0.996,5.188,28
Skellyton,2021-09-13,5.356,-0.415,5.704,23
Springfield,2021-09-13,5.360,-0.146,5.506,27
St Andrews,2021-09-13,5.106,-0.202,5.242,26
St Andrews - University (4964),2021-09-13,5.146,,4.027,5
Stevenston,2021-09-13,4.924,-0.124,4.991,31
Stirling,2021-09-13,4.891,0.372,4.653,44
Stonehouse,2021-09-13,5.156,0.064,5.108,27
Swinstie,2021-09-13,5.478,0.367,5.227,23
Tillicoultry,2021-09-13,5.253,-0.379,5.607,25
Troqueer,2021-09-13,5.475,0.180,5.328,40
Whitburn,2021-09-13,5.619,-0.053,5.664,34
Winchburgh,2021-09-13,5.608,1.597,4.318,31
Allanfearn,2021-09-20,5.276,-0.252,5.494,58
Allers,2021-09-20,5.141,-0.575,5.599,32
Alloa,2021-09-20,4.875,-1.140,5.451,37
Alva,2021-09-20,4.867,-0.578,5.294,26
Annan,2021-09-20,4.764,-0.813,5.562,38
Ardoch,2021-09-20,3.993,-0.679,4.399,24
Banff,2021-09-20,5.649,0.109,5.520,20
Blackburn,2021-09-20,4.973,-0.529,5.285,34
Blairgowrie,2021-09-20,5.444,0.511,5.097,25
Boness,2021-09-20,4.474,-0.678,5.084,27
Bothwellbank,2021-09-20,5.493,-0.209,5.657,31
Bowhouse,2021-09-20,4.738,-0.634,5.394,24
Carbarns,2021-09-20,5.514,-0.463,5.865,55
Cupar,2021-09-20,4.493,-0.724,5.139,27
Dalbeattie,2021-09-20,4.530,-0.612,5.096,29
Daldowie,2021-09-20,5.199,-0.257,5.338,33
Dalmarnock,2021-09-20,5.464,-0.170,5.560,26
Dalmuir,2021-09-20,5.420,-0.212,5.558,56
Dalmuir - Auchinairn (6298),2021-09-20,4.949,-0.080,5.036,22
Denny,2021-09-20,5.130,1.501,4.332,27
Dunblane,2021-09-20,5.176,0.001,5.175,23
Dunfermline,2021-09-20,5.257,-0.546,5.740,56
Dunnswood,2021-09-20,4.808,-0.753,5.414,25
Duns,2021-09-20,4.483,-0.021,4.499,23
East Calder,2021-09-20,5.331,-0.201,5.443,37
Ellon,2021-09-20,5.058,-0.195,5.238,17
Falkirk,2021-09-20,4.942,-0.481,5.262,50
Fauldhouse,2021-09-20,5.448,-0.234,5.648,34
Forfar,2021-09-20,4.737,-0.595,5.190,26
Fort William,2021-09-20,4.842,4.049,4.188,40
Fraserburgh,2021-09-20,5.409,0.017,5.396,30
Galashiels,2021-09-20,4.823,-0.035,4.854,41
Girvan,2021-09-20,4.769,-0.211,4.961,17
Guardbridge,2021-09-20,5.512,0.565,5.004,21
Hamilton,2021-09-20,5.528,-0.582,5.935,52
Hatton,2021-09-20,5.248,-0.305,5.450,54
Hawick,2021-09-20,4.347,-0.365,4.652,47
Helensburgh,2021-09-20,5.317,1.807,4.297,45
Inverclyde,2021-09-20,4.889,-0.597,5.262,39
Kelso,2021-09-20,4.500,-0.127,4.613,15
Kirkcaldy,2021-09-20,5.422,-0.210,5.538,31
Kirkwall,2021-09-20,4.302,-0.292,4.551,34
Langholm,2021-09-20,5.616,1.277,4.892,10
Largs,2021-09-20,4.907,0.197,4.783,23
Lerwick,2021-09-20,4.020,-0.088,4.108,26
Linlithgow,2021-09-20,5.510,0.159,5.373,36
Loch Ryan,2021-09-20,4.401,-0.646,4.921,15
Lockerbie,2021-09-20,4.925,-0.424,5.387,38
Lossiemouth,2021-09-20,4.840,-0.495,5.157,31
Maybole,2021-09-20,5.034,-0.267,5.302,21
Meadowhead,2021-09-20,5.367,-0.386,5.610,52
Newburgh,2021-09-20,4.692,-0.264,4.945,25
Newport & Tayport,2021-09-20,4.968,-0.285,5.236,26
Nigg,2021-09-20,5.130,-0.130,5.231,59
Paisley,2021-09-20,5.253,-0.283,5.442,29
Paisley - Brediland,2021-09-20,2.919,-1.317,3.913,20
Peebles,2021-09-20,3.091,-2.208,4.554,37
Perth,2021-09-20,5.221,-0.264,5.397,27
Peterhead,2021-09-20,4.438,-0.584,4.880,33
Philipshill,2021-09-20,5.777,0.278,5.583,56
Seafield,2021-09-20,5.243,-0.349,5.462,52
Shieldhall,2021-09-20,5.460,-0.089,5.518,64
Shieldhall - Barrhead,2021-09-20,4.932,-0.829,5.557,23
Shieldhall - Gorbals,2021-09-20,5.011,-0.086,5.051,23
Shieldhall - Pollockshields West,2021-09-20,4.923,-0.416,5.195,14
Springfield,2021-09-20,4.720,-0.712,5.448,28
St Andrews,2021-09-20,5.293,0.155,5.189,27
St Andrews - University (2979),2021-09-20,3.970,,4.364,6
St Andrews - University (4964),2021-09-20,4.623,,4.283,6
Stevenston,2021-09-20,4.864,-0.186,4.965,32
Stevenston - Stevenston West,2021-09-20,4.780,-0.569,5.256,20
Stirling,2021-09-20,4.494,-0.388,4.747,45
Stirling - University,2021-09-20,5.129,,4.179,6
Stornoway,2021-09-20,4.298,0.196,4.176,15
Strathaven,2021-09-20,4.443,-0.251,4.593,24
Tillicoultry,2021-09-20,4.402,-1.140,5.468,26
Troqueer,2021-09-20,4.810,-0.687,5.386,41
Whitburn,2021-09-20,4.525,-1.303,5.646,35
Winchburgh,2021-09-20,5.470,0.889,4.715,32
Allanfearn,2021-09-27,4.987,-0.489,5.408,59
Allers,2021-09-27,4.888,-0.677,5.419,33
Alloa,2021-09-27,5.450,0.457,5.224,38
Alva,2021-09-27,5.292,0.227,5.126,27
Annan,2021-09-27,4.899,-0.363,5.248,39
Armadale,2021-09-27,5.247,-0.655,5.757,33
Banchory,2021-09-27,5.282,0.208,5.090,20
Bathgate,2021-09-27,4.950,-0.420,5.271,33
Blackburn,2021-09-27,3.640,-2.627,5.162,35
Boness,2021-09-27,4.545,-0.341,4.844,28
Bonnybridge,2021-09-27,5.468,0.115,5.393,28
Bowhouse,2021-09-27,5.124,-0.012,5.136,25
Carbarns,2021-09-27,5.590,-0.182,5.727,56
Coldstream,2021-09-27,4.714,-0.482,5.192,24
Cumnock,2021-09-27,4.978,-0.462,5.356,25
Cupar,2021-09-27,4.979,0.108,4.885,28
Dalbeattie,2021-09-27,5.177,0.335,4.873,30
Daldowie,2021-09-27,5.232,-0.095,5.283,34
Dalmarnock,2021-09-27,5.224,-0.525,5.522,27
Dalmuir,2021-09-27,5.259,-0.377,5.503,57
Denny,2021-09-27,4.812,0.401,4.594,28
Dunbar,2021-09-27,4.791,-0.503,5.206,20
Dunblane,2021-09-27,5.204,0.034,5.176,24
Dunfermline,2021-09-27,4.987,-0.647,5.550,57
Duns,2021-09-27,4.033,-0.607,4.493,24
East Calder,2021-09-27,5.614,0.387,5.399,38
Ellon,2021-09-27,4.666,-0.543,5.167,18
Fairlie,2021-09-27,3.640,-1.097,4.330,24
Falkirk,2021-09-27,5.199,0.097,5.136,51
Fauldhouse,2021-09-27,4.732,-0.981,5.569,35
Forres,2021-09-27,4.880,0.695,4.405,16
Fort William,2021-09-27,4.983,4.427,4.267,41
Fraserburgh,2021-09-27,5.214,-0.239,5.401,31
Galashiels,2021-09-27,4.491,-0.399,4.842,42
Girvan,2021-09-27,5.204,0.353,4.885,18
Guardbridge,2021-09-27,4.253,-0.999,5.204,22
Hamilton,2021-09-27,5.657,-0.170,5.774,53
Harthill,2021-09-27,4.100,-1.128,5.425,25
Hatton,2021-09-27,5.258,-0.171,5.370,55
Hawick,2021-09-27,5.118,0.718,4.532,48
Helensburgh,2021-09-27,5.320,1.206,4.574,46
Huntly,2021-09-27,5.430,0.944,4.723,14
Inverclyde,2021-09-27,5.154,0.063,5.115,40
Ironmill Bay,2021-09-27,4.627,-0.203,4.760,29
Kelso,2021-09-27,3.746,-0.940,4.568,16
Kirkcaldy,2021-09-27,5.310,-0.328,5.493,32
Kirkwall,2021-09-27,4.214,-0.284,4.453,35
Lerwick,2021-09-27,3.867,-0.211,4.074,27
Linlithgow,2021-09-27,5.377,-0.057,5.427,37
Lockerbie,2021-09-27,5.004,-0.186,5.205,39
Meadowhead,2021-09-27,5.317,-0.313,5.514,53
Meadowhead - Kilmarnock HMP,2021-09-27,6.712,2.708,4.716,17
Nairn,2021-09-27,4.220,-0.773,4.895,37
Neilston,2021-09-27,5.091,-0.187,5.260,24
Newburgh,2021-09-27,5.481,0.664,4.845,26
Newport & Tayport,2021-09-27,5.385,0.273,5.130,27
Newtown St Boswell,2021-09-27,5.635,0.968,4.674,23
Nigg,2021-09-27,5.366,0.230,5.191,60
Paisley,2021-09-27,4.758,-0.923,5.367,30
Peebles,2021-09-27,3.252,-1.461,4.228,38
Penicuik,2021-09-27,5.429,-0.231,5.612,24
Perth,2021-09-27,5.716,0.579,5.327,28
Peterhead,2021-09-27,5.020,0.419,4.706,34
Philipshill,2021-09-27,4.964,-0.978,5.659,57
Seafield,2021-09-27,5.258,-0.190,5.376,53
Seafield - Cockenzie,2021-09-27,4.652,-0.521,5.027,13
Selkirk,2021-09-27,4.589,0.170,4.456,10
Shieldhall,2021-09-27,5.151,-0.528,5.495,65
Shieldhall - Barrhead,2021-09-27,5.180,-0.178,5.311,24
Shieldhall - Gorbals,2021-09-27,4.947,-0.190,5.035,24
Shieldhall - Pollockshields West,2021-09-27,4.587,-0.795,5.088,15
Skellyton,2021-09-27,5.174,-0.474,5.567,24
Springfield,2021-09-27,5.215,0.053,5.162,29
St Andrews,2021-09-27,5.296,0.095,5.230,28
St Andrews - University (2979),2021-09-27,4.267,0.084,4.209,7
St Andrews - University (4964),2021-09-27,4.729,0.466,4.417,7
Stevenston,2021-09-27,4.171,-1.393,4.925,33
Stevenston - Stevenston East,2021-09-27,4.360,-0.160,4.500,20
Stevenston - Stevenston West,2021-09-27,4.450,-0.753,5.069,21
Stirling,2021-09-27,4.304,-0.534,4.647,46
Stornoway,2021-09-27,4.992,1.261,4.224,16
Strathaven,2021-09-27,4.954,0.718,4.534,25
Tillicoultry,2021-09-27,5.186,0.151,5.048,27
Troqueer,2021-09-27,5.311,0.184,5.159,42
Turriff,2021-09-27,4.630,0.361,4.339,14
Whitburn,2021-09-27,4.828,-0.470,5.223,36
Winchburgh,2021-09-27,5.336,0.371,5.012,33
Allanfearn,2021-10-04,4.859,-0.452,5.243,60
Alloa,2021-10-04,5.120,-0.386,5.313,39
Alva,2021-10-04,5.432,0.328,5.191,28
Annan,2021-10-04,4.730,-0.401,5.110,40
Ardoch,2021-10-04,4.948,1.212,4.239,25
Armadale,2021-10-04,4.714,-1.100,5.556,34
Aviemore,2021-10-04,4.888,-0.399,5.224,12
Banchory,2021-10-04,5.085,-0.085,5.165,21
Banff,2021-10-04,5.594,0.020,5.571,21
Bathgate,2021-10-04,5.226,0.108,5.145,34
Blackburn,2021-10-04,4.589,-0.478,4.877,36
Blackwood,2021-10-04,4.487,-0.912,5.308,26
Blairgowrie,2021-10-04,4.498,-1.057,5.234,26
Boness,2021-10-04,4.304,-0.491,4.726,29
Bonnybridge,2021-10-04,5.283,-0.210,5.422,29
Bothwellbank,2021-10-04,5.113,-0.608,5.592,32
Bowhouse,2021-10-04,5.280,0.145,5.131,26
Buckie,2021-10-04,4.936,0.199,4.858,11
Carbarns,2021-10-04,5.398,-0.369,5.673,57
Coldstream,2021-10-04,4.454,-0.565,5.004,25
Cupar,2021-10-04,4.824,-0.112,4.922,29
Dalbeattie,2021-10-04,4.879,-0.124,4.993,31
Daldowie,2021-10-04,4.694,-1.065,5.263,35
Dalmarnock,2021-10-04,5.173,-0.417,5.405,28
Dalmuir,2021-10-04,5.176,-0.362,5.407,58
Dalmuir - Auchinairn (6330),2021-10-04,5.216,-0.364,5.500,22
Dalmuir - SECC,2021-10-04,3.708,,,0
Denny,2021-10-04,5.281,1.119,4.680,29
Dunbar,2021-10-04,4.799,-0.301,5.042,21
Dunblane,2021-10-04,5.269,0.097,5.187,25
Dunfermline,2021-10-04,4.982,-0.407,5.328,58
Duns,2021-10-04,4.656,0.464,4.312,25
East Calder,2021-10-04,5.605,0.214,5.483,39
Ellon,2021-10-04,5.326,0.393,4.970,19
Eyemouth,2021-10-04,5.004,0.723,4.359,13
Fairlie,2021-10-04,1.045,-4.910,4.058,25
Falkirk,2021-10-04,4.963,-0.302,5.161,52
Forfar,2021-10-04,4.700,-0.417,5.012,27
Forres,2021-10-04,4.726,0.195,4.592,17
Fort William,2021-10-04,4.457,0.680,4.347,42
Fraserburgh,2021-10-04,4.904,-0.549,5.328,32
Galashiels,2021-10-04,4.391,-0.363,4.704,43
Guardbridge,2021-10-04,4.987,0.169,4.830,23
Hamilton,2021-10-04,4.971,-1.098,5.728,54
Harthill,2021-10-04,5.411,0.442,4.904,26
Hatton,2021-10-04,5.225,-0.155,5.326,56
Hatton - Fintry North,2021-10-04,4.530,-1.512,5.625,18
Hatton - Fintry West,2021-10-04,5.312,0.509,4.836,18
Hawick,2021-10-04,3.810,-1.160,4.763,49
Helensburgh,2021-10-04,5.149,0.426,4.868,47
Huntly,2021-10-04,5.371,0.471,5.001,15
Inverclyde,2021-10-04,4.462,-1.084,5.130,41
Inverclyde - Gourock,2021-10-04,4.469,-1.708,5.152,22
Inverurie,2021-10-04,5.652,0.333,5.354,18
Kelso,2021-10-04,3.690,-0.654,4.245,17
Kirkcaldy,2021-10-04,5.355,-0.120,5.421,33
Kirkwall,2021-10-04,4.250,-0.131,4.359,36
Lanark,2021-10-04,4.238,-1.616,5.361,28
Langholm,2021-10-04,3.685,-2.419,5.171,11
Largs,2021-10-04,4.142,-1.077,4.832,24
Lesmahagow,2021-10-04,3.754,-1.553,5.074,24
Linlithgow,2021-10-04,5.226,-0.204,5.407,38
Loch Ryan,2021-10-04,4.497,-0.281,4.717,16
Lockerbie,2021-10-04,3.304,-1.692,5.126,40
Lossiemouth,2021-10-04,5.035,0.004,5.032,32
Mauldslie,2021-10-04,4.939,-0.760,5.409,29
Maybole,2021-10-04,3.712,-1.478,5.196,22
Meadowhead,2021-10-04,4.966,-0.752,5.437,54
Nairn,2021-10-04,4.321,-0.362,4.630,38
Neilston,2021-10-04,4.054,-1.255,5.194,25
Newburgh,2021-10-04,4.869,-0.225,5.095,27
Newport & Tayport,2021-10-04,5.196,-0.037,5.231,28
Newtown St Boswell,2021-10-04,4.791,-0.252,5.052,24
Nigg,2021-10-04,4.891,-0.485,5.260,61
Paisley,2021-10-04,4.779,-0.542,5.128,31
Paisley - Blackhall,2021-10-04,4.953,-0.654,5.454,23
Paisley - Brediland,2021-10-04,5.032,1.949,3.542,21
Peebles,2021-10-04,1.019,-4.341,3.900,39
Perth,2021-10-04,5.006,-0.671,5.480,29
Peterhead,2021-10-04,4.561,-0.345,4.830,35
Philipshill,2021-10-04,5.168,-0.314,5.385,58
Sanquhar,2021-10-04,4.783,-0.593,5.269,17
Seafield,2021-10-04,4.618,-1.155,5.330,54
Selkirk,2021-10-04,4.082,-0.565,4.508,11
Shieldhall,2021-10-04,4.910,-0.703,5.360,66
Shieldhall - Pollockshields West,2021-10-04,4.596,-0.480,4.891,16
Skellyton,2021-10-04,5.142,-0.333,5.413,25
Springfield,2021-10-04,4.689,-0.488,5.183,30
St Andrews,2021-10-04,5.160,-0.138,5.256,29
St Andrews - University (2979),2021-10-04,5.616,2.193,4.232,8
St Andrews - University (4964),2021-10-04,4.746,0.316,4.540,8
Stevenston,2021-10-04,4.538,-0.228,4.659,34
Stirling,2021-10-04,4.519,0.012,4.512,47
Stirling - University,2021-10-04,4.007,-0.551,4.552,7
Stonehouse,2021-10-04,4.803,-0.415,5.127,28
Strathaven,2021-10-04,4.716,0.029,4.699,26
Swinstie,2021-10-04,4.527,-1.144,5.326,24
Tillicoultry,2021-10-04,5.057,-0.050,5.102,28
Troqueer,2021-10-04,5.123,-0.116,5.219,43
Turriff,2021-10-04,5.200,0.942,4.454,15
Whitburn,2021-10-04,4.991,-0.093,5.068,37
Allanfearn,2021-10-11,4.985,-0.128,5.091,61
Alloa,2021-10-11,5.073,-0.334,5.237,40
Annan,2021-10-11,4.947,-0.015,4.961,41
Aviemore,2021-10-11,5.648,0.689,5.092,13
Banff,2021-10-11,5.205,-0.310,5.580,22
Blackburn,2021-10-11,5.133,0.627,4.764,37
Buckie,2021-10-11,5.495,1.627,4.889,12
Carbarns,2021-10-11,5.213,-0.481,5.565,58
Dalbeattie,2021-10-11,5.181,0.256,4.948,32
Daldowie,2021-10-11,4.921,-0.226,5.039,36
Dalmarnock,2021-10-11,4.944,-0.678,5.313,29
Dalmuir,2021-10-11,5.154,-0.259,5.317,59
Dalmuir - SECC,2021-10-11,4.250,,3.708,1
Denny,2021-10-11,5.055,0.250,4.916,30
Dunbar,2021-10-11,4.467,-0.607,4.947,22
Dunfermline,2021-10-11,5.175,-0.021,5.192,59
East Calder,2021-10-11,5.449,-0.142,5.531,40
Falkirk,2021-10-11,5.044,-0.061,5.083,53
Forres,2021-10-11,5.230,0.864,4.645,18
Fort William,2021-10-11,4.981,1.376,4.390,43
Fraserburgh,2021-10-11,5.160,-0.001,5.161,33
Galashiels,2021-10-11,4.598,0.021,4.581,44
Hamilton,2021-10-11,5.251,-0.266,5.430,55
Hatton,2021-10-11,5.232,-0.085,5.286,57
Hawick,2021-10-11,5.045,0.815,4.388,50
Inverclyde,2021-10-11,4.786,-0.135,4.867,42
Kirkcaldy,2021-10-11,5.408,0.023,5.395,34
Kirkwall,2021-10-11,4.109,-0.253,4.316,37
Lerwick,2021-10-11,3.394,-0.625,3.992,28
Levenmouth,2021-10-11,5.015,0.148,4.922,49
Lockerbie,2021-10-11,4.857,0.245,4.597,41
Lossiemouth,2021-10-11,5.087,0.084,5.033,33
Meadowhead,2021-10-11,5.066,-0.304,5.252,55
Meadowhead - Kilmarnock HMP,2021-10-11,4.827,-0.265,5.078,18
Nairn,2021-10-11,5.295,0.945,4.508,39
Nigg,2021-10-11,5.084,-0.040,5.115,62
Paisley,2021-10-11,5.050,0.095,4.990,32
Peebles,2021-10-11,4.728,1.741,3.573,40
Penicuik,2021-10-11,5.351,-0.240,5.540,25
Perth,2021-10-11,5.021,-0.392,5.294,30
Peterhead,2021-10-11,4.764,0.052,4.724,36
Philipshill,2021-10-11,5.238,-0.091,5.300,59
Seafield,2021-10-11,4.996,-0.089,5.050,55
Shieldhall,2021-10-11,5.096,-0.139,5.183,67
St Andrews,2021-10-11,5.146,-0.104,5.218,30
St Andrews - University (2979),2021-10-11,3.696,-1.131,4.542,9
St Andrews - University (4964),2021-10-11,4.267,-0.558,4.621,9
Stevenston,2021-10-11,4.409,-0.391,4.611,35
Stirling,2021-10-11,4.605,0.145,4.515,48
Stirling - University,2021-10-11,3.541,-0.867,4.338,8
Troqueer,2021-10-11,5.020,-0.196,5.181,44
Whitburn,2021-10-11,5.250,0.265,5.038,38
Winchburgh,2021-10-11,4.971,-0.191,5.140,34
Allanfearn,2021-10-18,4.782,-0.327,5.050,62
Allers,2021-10-18,5.090,-0.156,5.210,34
Alloa,2021-10-18,4.736,-0.906,5.172,41
Alva,2021-10-18,5.273,-0.017,5.286,29
Annan,2021-10-18,3.885,-1.168,4.955,42
Ardoch,2021-10-18,4.722,0.330,4.518,26
Armadale,2021-10-18,4.957,-0.359,5.225,35
Aviemore,2021-10-18,5.259,-0.065,5.311,14
Banchory,2021-10-18,4.999,-0.143,5.134,22
Banff,2021-10-18,4.841,-0.493,5.432,23
Bathgate,2021-10-18,4.960,-0.290,5.177,35
Blackburn,2021-10-18,4.580,-0.562,4.909,38
Blackridge,2021-10-18,4.579,-1.172,5.658,34
Blackwood,2021-10-18,4.699,-0.325,4.985,27
Blairgowrie,2021-10-18,6.053,1.634,4.944,27
Boness,2021-10-18,4.469,-0.109,4.560,30
Bonnybridge,2021-10-18,4.987,-0.573,5.367,30
Bothwellbank,2021-10-18,5.077,-0.421,5.404,33
Bowhouse,2021-10-18,4.986,-0.196,5.190,27
Carbarns,2021-10-18,5.245,-0.253,5.426,59
Coldstream,2021-10-18,4.614,-0.183,4.788,26
Cumnock,2021-10-18,4.853,-0.438,5.207,26
Cupar,2021-10-18,4.823,-0.069,4.883,30
Dalbeattie,2021-10-18,5.137,0.106,5.040,33
Daldowie,2021-10-18,4.850,-0.280,4.993,37
Dalmarnock,2021-10-18,4.819,-0.656,5.168,30
Dalmuir,2021-10-18,4.785,-0.764,5.253,60
Dalmuir - Auchinairn (6298),2021-10-18,5.156,0.143,5.002,23
Dalmuir - SECC,2021-10-18,4.954,,3.922,2
Denny,2021-10-18,4.672,-0.537,4.971,31
Dunbar,2021-10-18,4.186,-0.741,4.758,23
Dunblane,2021-10-18,5.212,-0.009,5.219,26
Dunfermline,2021-10-18,5.038,-0.181,5.185,60
Dunnswood,2021-10-18,4.134,-1.325,5.176,26
Duns,2021-10-18,4.287,-0.213,4.448,26
East Calder,2021-10-18,5.196,-0.525,5.499,41
Ellon,2021-10-18,4.836,-0.297,5.110,20
Eyemouth,2021-10-18,4.560,-0.058,4.613,14
Fairlie,2021-10-18,3.845,0.144,3.756,26
Falkirk,2021-10-18,4.766,-0.474,5.067,54
Fauldhouse,2021-10-18,4.836,-0.486,5.240,36
Forfar,2021-10-18,5.336,0.609,4.889,28
Forres,2021-10-18,5.398,0.749,4.875,19
Fort William,2021-10-18,4.478,-0.191,4.601,44
Fraserburgh,2021-10-18,5.168,0.010,5.160,34
Galashiels,2021-10-18,4.862,0.332,4.588,45
Girvan,2021-10-18,3.595,-1.533,5.011,19
Guardbridge,2021-10-18,4.424,-0.498,4.891,24
Hamilton,2021-10-18,5.152,-0.316,5.360,56
Harthill,2021-10-18,5.146,0.037,5.103,27
Hatton,2021-10-18,4.973,-0.458,5.265,58
Hatton - Fintry East,2021-10-18,5.560,0.197,5.357,19
Hatton - Fintry North,2021-10-18,5.252,-0.024,5.268,19
Hatton - Fintry West,2021-10-18,5.119,0.103,5.024,19
Hawick,2021-10-18,1.000,-4.518,4.646,51
Helensburgh,2021-10-18,4.626,-0.518,4.979,48
Huntly,2021-10-18,5.271,0.155,5.146,16
Inverclyde,2021-10-18,4.635,-0.341,4.835,43
Inverclyde - Gourock,2021-10-18,4.323,-1.543,4.955,23
Inverurie,2021-10-18,5.619,0.161,5.471,19
Ironmill Bay,2021-10-18,4.195,-0.801,4.708,30
Kelso,2021-10-18,3.915,-0.135,4.027,18
Kirkcaldy,2021-10-18,5.001,-0.737,5.400,35
Kirkwall,2021-10-18,4.298,0.079,4.235,38
Langholm,2021-10-18,4.557,-0.468,4.869,12
Largs,2021-10-18,4.102,-0.733,4.560,25
Lerwick,2021-10-18,3.072,-0.733,3.757,29
Linlithgow,2021-10-18,5.373,0.042,5.336,39
Lockerbie,2021-10-18,4.441,-0.245,4.699,42
Mauldslie,2021-10-18,5.125,-0.163,5.224,30
Meadowhead,2021-10-18,4.770,-0.683,5.178,56
Meadowhead - Kilmarnock HMP,2021-10-18,4.145,-0.901,4.979,19
Nairn,2021-10-18,4.656,-0.190,4.818,40
Neilston,2021-10-18,4.819,0.082,4.747,26
New Cumnock,2021-10-18,4.576,-1.010,5.266,27
Newburgh,2021-10-18,4.621,-0.385,5.006,28
Newport & Tayport,2021-10-18,4.426,-0.840,5.217,29
Newtown St Boswell,2021-10-18,5.211,0.254,4.949,25
Nigg,2021-10-18,4.931,-0.235,5.103,63
Paisley,2021-10-18,4.582,-0.700,5.014,33
Paisley - Blackhall,2021-10-18,4.396,-1.151,5.257,24
Paisley - Brediland,2021-10-18,1.000,-3.697,3.918,22
Peebles,2021-10-18,4.539,0.945,3.900,41
Penicuik,2021-10-18,4.896,-0.733,5.466,26
Perth,2021-10-18,5.109,-0.113,5.186,31
Peterhead,2021-10-18,4.364,-0.486,4.740,37
Philipshill,2021-10-18,4.960,-0.474,5.276,60
Sanquhar,2021-10-18,3.999,-1.355,5.078,18
Seafield,2021-10-18,4.778,-0.426,5.029,56
Seafield - Cockenzie,2021-10-18,4.603,-0.399,4.880,14
Selkirk,2021-10-18,4.979,0.886,4.340,12
Shieldhall,2021-10-18,5.003,-0.238,5.149,68
Shieldhall - Gorbals,2021-10-18,4.295,-1.545,5.000,25
Skellyton,2021-10-18,5.526,0.276,5.306,26
Springfield,2021-10-18,4.537,-0.454,4.988,31
St Andrews,2021-10-18,5.168,-0.031,5.190,31
Stevenston,2021-10-18,4.211,-0.633,4.531,36
Stevenston - Stevenston West,2021-10-18,5.113,0.359,4.825,22
Stirling,2021-10-18,4.061,-0.797,4.550,49
Stirling - University,2021-10-18,3.928,-0.109,4.024,9
Stonehouse,2021-10-18,4.372,-0.812,4.999,29
Stornoway,2021-10-18,4.129,-0.609,4.523,17
Swinstie,2021-10-18,4.240,-1.132,5.011,25
Tillicoultry,2021-10-18,5.133,0.054,5.085,29
Troqueer,2021-10-18,5.202,0.103,5.118,45
Turriff,2021-10-18,1.000,-4.506,4.747,16
Whitburn,2021-10-18,4.864,-0.324,5.121,39
Winchburgh,2021-10-18,4.618,-0.524,5.073,35
Allanfearn,2021-10-25,5.195,0.314,4.944,63
Allers,2021-10-25,4.614,-0.730,5.163,35
Alloa,2021-10-25,5.276,0.586,5.001,42
Alva,2021-10-25,5.403,0.163,5.281,30
Annan,2021-10-25,4.575,0.045,4.534,43
Ardoch,2021-10-25,4.596,-0.004,4.598,27
Armadale,2021-10-25,5.377,0.353,5.119,36
Aviemore,2021-10-25,5.541,0.326,5.290,15
Banff,2021-10-25,5.508,0.263,5.200,24
Bathgate,2021-10-25,4.620,-0.642,5.092,36
Blackburn,2021-10-25,5.537,1.326,4.779,39
Blackridge,2021-10-25,4.681,-0.615,5.233,35
Blairgowrie,2021-10-25,5.656,0.508,5.278,28
Boness,2021-10-25,5.426,1.100,4.524,31
Bonnybridge,2021-10-25,4.950,-0.411,5.218,31
Bothwellbank,2021-10-25,5.208,-0.089,5.275,34
Bowhouse,2021-10-25,5.280,0.165,5.110,28
Buckie,2021-10-25,5.688,1.520,5.072,13
Carbarns,2021-10-25,5.416,0.088,5.355,60
Coldstream,2021-10-25,4.576,-0.155,4.719,27
Cumnock,2021-10-25,5.302,0.295,5.068,27
Cupar,2021-10-25,5.016,0.182,4.860,31
Dalbeattie,2021-10-25,4.706,-0.406,5.078,34
Daldowie,2021-10-25,4.766,-0.344,4.937,38
Dalmarnock,2021-10-25,5.103,0.139,5.031,31
Dalmuir,2021-10-25,4.997,-0.119,5.069,61
Dalmuir - Auchinairn (6298),2021-10-25,5.064,0.001,5.063,24
Dalmuir - Auchinairn (6330),2021-10-25,5.194,-0.251,5.388,23
Dalmuir - SECC,2021-10-25,5.574,,4.328,3
Denny,2021-10-25,4.347,-0.930,4.853,32
Dunblane,2021-10-25,5.348,0.158,5.216,27
Dunfermline,2021-10-25,5.051,-0.096,5.127,61
Dunnswood,2021-10-25,5.311,0.674,4.789,27
Duns,2021-10-25,4.888,0.678,4.385,27
East Calder,2021-10-25,5.148,-0.410,5.380,42
Eyemouth,2021-10-25,5.383,0.877,4.592,15
Fairlie,2021-10-25,3.601,-0.316,3.791,27
Falkirk,2021-10-25,5.196,0.397,4.949,55
Fauldhouse,2021-10-25,5.535,0.559,5.081,37
Forfar,2021-10-25,5.227,0.217,5.065,29
Fort William,2021-10-25,4.745,0.274,4.553,45
Fraserburgh,2021-10-25,5.675,0.700,5.163,35
Galashiels,2021-10-25,5.335,0.776,4.696,46
Girvan,2021-10-25,4.696,0.155,4.556,20
Guardbridge,2021-10-25,4.911,0.221,4.708,25
Hamilton,2021-10-25,5.382,0.163,5.278,57
Harthill,2021-10-25,5.419,0.261,5.120,28
Hatton,2021-10-25,5.220,0.112,5.150,59
Hatton - Fintry East,2021-10-25,5.603,0.161,5.437,20
Hatton - Fintry North,2021-10-25,4.660,-0.864,5.262,20
Hatton - Fintry West,2021-10-25,4.904,-0.174,5.061,20
Hawick,2021-10-25,4.557,0.382,4.249,52
Helensburgh,2021-10-25,4.700,-0.210,4.840,49
Huntly,2021-10-25,5.343,0.182,5.196,17
Inverclyde,2021-10-25,4.731,-0.045,4.756,44
Inverclyde - Gourock,2021-10-25,4.069,-1.605,4.754,24
Inverurie,2021-10-25,5.646,0.126,5.529,20
Ironmill Bay,2021-10-25,4.833,0.524,4.506,31
Kelso,2021-10-25,4.811,1.036,3.983,19
Kirkcaldy,2021-10-25,5.151,-0.175,5.243,36
Kirkwall,2021-10-25,4.277,0.022,4.260,39
Langholm,2021-10-25,4.440,-0.482,4.746,13
Largs,2021-10-25,4.446,0.108,4.380,26
Lerwick,2021-10-25,1.000,-2.722,3.487,30
Linlithgow,2021-10-25,4.567,-0.886,5.351,40
Loch Ryan,2021-10-25,4.108,-0.687,4.630,17
Lockerbie,2021-10-25,5.056,0.446,4.597,43
Meadowhead,2021-10-25,4.943,-0.127,5.018,57
Meadowhead - Kilmarnock HMP,2021-10-25,5.654,1.112,4.651,20
Nairn,2021-10-25,4.993,0.284,4.754,41
Neilston,2021-10-25,4.732,-0.050,4.775,27
New Cumnock,2021-10-25,3.847,-1.723,4.994,28
Newburgh,2021-10-25,5.299,0.449,4.855,29
Newport & Tayport,2021-10-25,5.308,0.438,4.906,30
Newtown St Boswell,2021-10-25,4.671,-0.367,5.053,26
Nigg,2021-10-25,5.038,0.005,5.035,64
Paisley,2021-10-25,4.575,-0.446,4.844,34
Paisley - Blackhall,2021-10-25,3.737,-1.607,4.918,25
Paisley - Brediland,2021-10-25,2.863,-0.672,3.530,23
Penicuik,2021-10-25,5.358,0.154,5.241,27
Perth,2021-10-25,5.301,0.214,5.156,32
Peterhead,2021-10-25,5.027,0.572,4.592,38
Philipshill,2021-10-25,4.944,-0.320,5.151,61
Sanquhar,2021-10-25,3.775,-1.157,4.686,19
Seafield,2021-10-25,5.123,0.337,4.930,57
Selkirk,2021-10-25,4.755,0.222,4.592,13
Shieldhall,2021-10-25,4.708,-0.644,5.091,69
Shieldhall - Barrhead,2021-10-25,5.157,-0.141,5.259,25
Shieldhall - Gorbals,2021-10-25,4.191,-1.281,4.776,26
Shieldhall - Pollockshields West,2021-10-25,3.608,-1.945,4.775,17
Shotts,2021-10-25,4.918,-0.812,5.411,29
Springfield,2021-10-25,5.277,0.479,4.811,32
St Andrews,2021-10-25,5.618,0.635,5.181,32
St Andrews - University (2979),2021-10-25,2.842,-1.851,4.209,10
St Andrews - University (4964),2021-10-25,4.361,-0.201,4.482,10
Stevenston,2021-10-25,4.486,0.164,4.406,37
Stevenston - Stevenston East,2021-10-25,4.467,0.026,4.445,21
Stevenston - Stevenston West,2021-10-25,4.792,-0.183,4.938,23
Stirling,2021-10-25,4.312,-0.077,4.358,50
Stirling - University,2021-10-25,4.242,0.308,3.987,10
Tillicoultry,2021-10-25,6.090,1.114,5.104,30
Troqueer,2021-10-25,5.278,0.157,5.151,46
Turriff,2021-10-25,5.405,1.283,4.338,17
Whitburn,2021-10-25,5.119,0.128,5.020,40
Winchburgh,2021-10-25,5.416,0.613,4.894,36
Allanfearn,2021-11-01,4.659,-0.485,5.043,64
Allers,2021-11-01,4.760,-0.254,4.947,36
Alloa,2021-11-01,4.878,-0.494,5.109,43
Alva,2021-11-01,4.979,-0.465,5.329,31
Annan,2021-11-01,4.191,-0.409,4.550,44
Ardoch,2021-11-01,4.858,0.413,4.597,28
Armadale,2021-11-01,5.035,-0.256,5.221,37
Banchory,2021-11-01,4.650,-0.460,5.081,23
Bathgate,2021-11-01,4.782,-0.174,4.906,37
Blackburn,2021-11-01,4.881,-0.303,5.061,40
Blackridge,2021-11-01,4.336,-0.776,5.016,36
Blackwood,2021-11-01,4.347,-0.612,4.872,28
Blairgowrie,2021-11-01,5.259,-0.220,5.427,29
Boness,2021-11-01,4.489,-0.465,4.879,32
Bonnybridge,2021-11-01,4.683,-0.673,5.112,32
Bothwellbank,2021-11-01,4.847,-0.533,5.249,35
Bowhouse,2021-11-01,5.250,0.071,5.177,29
Buckie,2021-11-01,5.092,-0.399,5.271,14
Carbarns,2021-11-01,5.215,-0.238,5.379,61
Coldstream,2021-11-01,3.699,-1.063,4.663,28
Cumnock,2021-11-01,5.893,0.927,5.160,28
Cupar,2021-11-01,4.819,-0.119,4.921,32
Daldowie,2021-11-01,4.572,-0.615,4.870,39
Dalmuir,2021-11-01,4.846,-0.334,5.041,62
Dalmuir - Auchinairn (6298),2021-11-01,5.177,0.107,5.063,25
Dalmuir - Auchinairn (6330),2021-11-01,4.459,-1.113,5.312,24
Dalmuir - SECC,2021-11-01,4.911,,4.818,4
Denny,2021-11-01,4.585,-0.130,4.654,33
Dunbar,2021-11-01,4.937,0.535,4.533,24
Dunblane,2021-11-01,4.754,-0.619,5.268,28
Dunfermline,2021-11-01,5.052,-0.058,5.097,62
Dunnswood,2021-11-01,5.020,0.033,4.994,28
Duns,2021-11-01,4.891,0.403,4.583,28
East Calder,2021-11-01,5.402,0.204,5.289,43
Ellon,2021-11-01,4.894,-0.119,5.002,21
Erskine,2021-11-01,4.610,,,0
Eyemouth,2021-11-01,4.758,-0.153,4.903,16
Fairlie,2021-11-01,4.425,1.205,3.716,28
Falkirk,2021-11-01,4.675,-0.600,5.046,56
Fauldhouse,2021-11-01,4.762,-0.613,5.260,38
Forfar,2021-11-01,4.603,-0.701,5.129,30
Fort William,2021-11-01,4.813,0.238,4.629,46
Fraserburgh,2021-11-01,5.462,0.132,5.365,36
Galashiels,2021-11-01,4.664,-0.336,4.947,47
Girvan,2021-11-01,4.402,-0.234,4.612,21
Guardbridge,2021-11-01,5.005,0.236,4.788,26
Haddington,2021-11-01,5.080,,,0
Hamilton,2021-11-01,5.202,-0.187,5.319,58
Harthill,2021-11-01,4.967,-0.235,5.238,29
Hatton,2021-11-01,4.669,-0.829,5.178,60
Hatton - Fintry East,2021-11-01,4.448,-1.023,5.502,21
Hatton - Fintry North,2021-11-01,4.824,-0.294,5.025,21
Hatton - Fintry West,2021-11-01,3.866,-1.285,4.999,21
Hawick,2021-11-01,4.863,0.623,4.371,53
Helensburgh,2021-11-01,4.827,0.063,4.785,50
Huntly,2021-11-01,4.617,-0.782,5.253,18
Inverclyde,2021-11-01,4.793,0.084,4.746,45
Inverclyde - Gourock,2021-11-01,4.628,0.182,4.544,25
Inverurie,2021-11-01,5.037,-0.573,5.575,21
Ironmill Bay,2021-11-01,5.006,0.597,4.635,32
Jedburgh,2021-11-01,5.431,,,0
Kelso,2021-11-01,4.613,0.376,4.309,20
Kinneil,2021-11-01,5.197,,,0
Kirkcaldy,2021-11-01,5.084,-0.236,5.207,37
Kirkwall,2021-11-01,4.239,-0.036,4.267,40
Lanark,2021-11-01,4.286,-1.078,5.020,29
Langholm,2021-11-01,4.565,-0.098,4.625,14
Largs,2021-11-01,4.148,-0.431,4.406,27
Lesmahagow,2021-11-01,5.020,0.433,4.656,25
Levenmouth,2021-11-01,4.751,-0.325,4.959,50
Linlithgow,2021-11-01,5.294,0.292,5.042,41
Loch Ryan,2021-11-01,3.954,-0.639,4.425,18
Lockerbie,2021-11-01,3.594,-1.156,4.778,44
Lossiemouth,2021-11-01,4.606,-0.695,5.055,34
Mauldslie,2021-11-01,4.946,-0.394,5.185,31
Meadowhead,2021-11-01,4.840,-0.261,4.988,58
Meadowhead - Kilmarnock HMP,2021-11-01,4.716,-0.355,5.046,21
Montrose,2021-11-01,5.033,,,0
Neilston,2021-11-01,4.956,0.229,4.758,28
New Cumnock,2021-11-01,4.873,0.310,4.667,29
Newbridge,2021-11-01,4.993,,,0
Newburgh,2021-11-01,4.486,-0.539,5.030,30
Newport & Tayport,2021-11-01,4.723,-0.371,5.064,31
Newtown St Boswell,2021-11-01,4.935,0.032,4.903,27
Nigg,2021-11-01,4.918,-0.168,5.036,65
Paisley,2021-11-01,4.591,-0.249,4.738,35
Paisley - Blackhall,2021-11-01,5.006,0.598,4.557,26
Paisley - Brediland,2021-11-01,1.000,-2.298,3.267,24
Peebles,2021-11-01,4.481,0.488,4.151,42
Penicuik,2021-11-01,4.792,-0.661,5.287,28
Persley,2021-11-01,5.561,,,0
Perth,2021-11-01,4.843,-0.547,5.213,33
Peterhead,2021-11-01,4.687,-0.098,4.763,39
Philipshill,2021-11-01,4.841,-0.362,5.070,62
Sanquhar,2021-11-01,3.670,-0.834,4.328,20
Seafield,2021-11-01,4.941,-0.115,5.006,58
Seafield - Cockenzie,2021-11-01,4.980,0.311,4.771,15
Seafield - Craigmillar,2021-11-01,4.443,,,0
Seafield - Muirhouse,2021-11-01,3.736,,,0
Seafield - Restalrig,2021-11-01,5.320,,,0
Selkirk,2021-11-01,3.755,-1.245,4.656,14
Shieldhall,2021-11-01,4.858,-0.142,4.940,70
Shieldhall - Barrhead,2021-11-01,5.322,0.145,5.219,26
Shieldhall - Gorbals,2021-11-01,4.978,0.925,4.551,27
Shieldhall - Pollockshields West,2021-11-01,5.245,1.170,4.480,18
Shotts,2021-11-01,4.537,-1.147,5.217,30
Skellyton,2021-11-01,5.059,-0.421,5.393,27
Springfield,2021-11-01,4.740,-0.260,4.994,33
St Andrews,2021-11-01,4.857,-0.702,5.353,33
St Andrews - University (2979),2021-11-01,4.163,0.382,3.846,11
St Andrews - University (4964),2021-11-01,4.356,-0.137,4.434,11
Stevenston,2021-11-01,4.481,0.091,4.437,38
Stevenston - Stevenston East,2021-11-01,4.811,0.428,4.454,22
Stevenston - Stevenston West,2021-11-01,4.035,-1.084,4.881,24
Stirling,2021-11-01,4.155,-0.316,4.340,51
Stirling - University,2021-11-01,5.668,2.001,4.087,11
Stonehouse,2021-11-01,4.949,0.260,4.752,30
Strathaven,2021-11-01,4.642,-0.108,4.706,27
Swinstie,2021-11-01,4.519,-0.282,4.708,26
Tillicoultry,2021-11-01,5.525,0.036,5.492,31
Troqueer,2021-11-01,5.332,0.162,5.201,47
Turriff,2021-11-01,4.804,0.065,4.747,18
Whitburn,2021-11-01,5.047,-0.016,5.059,41
Winchburgh,2021-11-01,5.080,-0.023,5.099,37
Allanfearn,2021-11-08,4.769,-0.159,4.892,65
Allers,2021-11-08,5.492,0.865,4.873,37
Alloa,2021-11-08,5.063,0.099,5.018,44
Alva,2021-11-08,5.042,-0.202,5.191,32
Annan,2021-11-08,4.793,0.448,4.409,45
Ardoch,2021-11-08,4.592,-0.168,4.700,29
Armadale,2021-11-08,5.143,-0.006,5.148,38
Aviemore,2021-11-08,5.499,0.145,5.389,16
Banchory,2021-11-08,5.582,0.729,4.911,24
Banff,2021-11-08,4.771,-0.469,5.321,25
Bathgate,2021-11-08,5.209,0.503,4.857,38
Blackburn,2021-11-08,4.967,-0.040,4.990,41
Blackridge,2021-11-08,3.243,-1.756,4.748,37
Blackwood,2021-11-08,4.812,0.174,4.666,29
Blairgowrie,2021-11-08,5.068,-0.387,5.361,30
Boness,2021-11-08,4.494,-0.284,4.726,33
Bonnybridge,2021-11-08,4.847,-0.154,4.943,33
Bothwellbank,2021-11-08,4.977,-0.154,5.091,36
Bowhouse,2021-11-08,5.186,-0.019,5.205,30
Buckie,2021-11-08,4.975,-0.518,5.201,15
Carbarns,2021-11-08,5.205,-0.163,5.315,62
Coldstream,2021-11-08,5.126,0.942,4.284,29
Cupar,2021-11-08,4.967,0.102,4.881,33
Dalbeattie,2021-11-08,5.107,0.195,4.932,35
Daldowie,2021-11-08,4.293,-0.966,4.752,40
Dalmuir,2021-11-08,5.139,0.308,4.964,63
Dalmuir - Auchinairn (6298),2021-11-08,5.090,-0.017,5.108,26
Dalmuir - Auchinairn (6330),2021-11-08,5.067,0.122,4.976,25
Dalmuir - SECC,2021-11-08,5.817,,4.855,5
Denny,2021-11-08,4.442,-0.355,4.627,34
Dunbar,2021-11-08,5.391,0.940,4.692,25
Dunblane,2021-11-08,4.706,-0.444,5.066,29
Dunfermline,2021-11-08,5.318,0.313,5.080,63
Dunnswood,2021-11-08,5.062,0.077,5.005,29
Duns,2021-11-08,5.147,0.569,4.704,29
East Calder,2021-11-08,5.125,-0.378,5.333,44
Ellon,2021-11-08,5.395,0.484,4.960,22
Erskine,2021-11-08,4.883,,4.610,1
Eyemouth,2021-11-08,4.982,0.146,4.846,17
Fairlie,2021-11-08,4.168,0.286,3.995,29
Falkirk,2021-11-08,4.747,-0.253,4.900,57
Fauldhouse,2021-11-08,4.895,-0.213,5.064,39
Forfar,2021-11-08,4.972,0.069,4.922,31
Fort William,2021-11-08,4.726,0.030,4.701,47
Fraserburgh,2021-11-08,5.257,-0.199,5.403,37
Galashiels,2021-11-08,4.612,-0.271,4.836,48
Girvan,2021-11-08,4.448,-0.093,4.529,22
Guardbridge,2021-11-08,4.767,-0.115,4.873,27
Haddington,2021-11-08,4.695,,5.080,1
Hamilton,2021-11-08,5.012,-0.424,5.273,59
Hatton,2021-11-08,5.052,0.125,4.977,61
Hatton - Fintry East,2021-11-08,4.895,-0.192,5.087,22
Hatton - Fintry North,2021-11-08,4.518,-0.639,4.946,22
Hatton - Fintry West,2021-11-08,4.419,-0.167,4.565,22
Hawick,2021-11-08,5.480,1.171,4.564,54
Helensburgh,2021-11-08,4.975,0.264,4.801,51
Huntly,2021-11-08,4.629,-0.472,5.003,19
Inverclyde,2021-11-08,4.541,-0.408,4.765,46
Inverclyde - Gourock,2021-11-08,4.894,0.700,4.577,26
Inverurie,2021-11-08,4.939,-0.460,5.363,22
Ironmill Bay,2021-11-08,5.052,0.431,4.781,33
Jedburgh,2021-11-08,4.950,,5.431,1
Kelso,2021-11-08,4.199,-0.285,4.429,21
Kinneil,2021-11-08,5.227,,5.197,1
Kirkcaldy,2021-11-08,5.381,0.440,5.159,38
Kirkwall,2021-11-08,4.583,0.427,4.256,41
Lanark,2021-11-08,4.687,-0.066,4.731,30
Langholm,2021-11-08,4.138,-0.790,4.602,15
Largs,2021-11-08,4.670,0.627,4.304,28
Lerwick,2021-11-08,3.093,0.054,3.038,31
Lesmahagow,2021-11-08,4.635,-0.197,4.799,26
Levenmouth,2021-11-08,5.038,0.255,4.877,51
Lockerbie,2021-11-08,4.692,0.378,4.312,45
Mauldslie,2021-11-08,5.302,0.355,5.091,32
Maybole,2021-11-08,5.337,0.646,4.702,23
Meadowhead,2021-11-08,4.908,-0.039,4.930,59
Meadowhead - Kilmarnock HMP,2021-11-08,5.094,0.197,4.916,22
Montrose,2021-11-08,4.855,,5.033,1
Nairn,2021-11-08,4.878,0.036,4.848,42
Neilston,2021-11-08,4.356,-0.560,4.836,29
Newbridge,2021-11-08,5.114,,4.993,1
Newburgh,2021-11-08,4.352,-0.469,4.816,31
Newport & Tayport,2021-11-08,3.841,-1.209,4.930,32
Nigg,2021-11-08,5.183,0.282,4.990,66
Paisley,2021-11-08,4.912,0.403,4.680,36
Paisley - Blackhall,2021-11-08,5.191,0.622,4.734,27
Paisley - Brediland,2021-11-08,4.437,1.469,2.782,25
Peebles,2021-11-08,4.405,0.184,4.281,43
Penicuik,2021-11-08,5.019,-0.100,5.092,29
Persley,2021-11-08,5.454,,5.561,1
Perth,2021-11-08,5.347,0.423,5.067,34
Peterhead,2021-11-08,4.214,-0.675,4.733,40
Philipshill,2021-11-08,5.091,0.180,4.980,63
Seafield,2021-11-08,4.872,-0.197,4.980,59
Seafield - Cockenzie,2021-11-08,3.921,-1.436,4.853,16
Seafield - Craigmillar,2021-11-08,5.395,,4.443,1
Seafield - Muirhouse,2021-11-08,5.424,,3.736,1
Seafield - Restalrig,2021-11-08,5.274,,5.320,1
Selkirk,2021-11-08,4.990,0.975,4.301,15
Shieldhall,2021-11-08,4.932,0.042,4.908,71
Shieldhall - Barrhead,2021-11-08,5.992,1.041,5.260,27
Shieldhall - Gorbals,2021-11-08,4.757,0.084,4.719,28
Shieldhall - Pollockshields West,2021-11-08,5.143,0.562,4.781,19
Skellyton,2021-11-08,5.298,0.048,5.261,28
Springfield,2021-11-08,4.761,-0.139,4.894,34
St Andrews,2021-11-08,5.033,-0.180,5.158,34
St Andrews - University (2979),2021-11-08,3.973,0.002,3.971,12
St Andrews - University (4964),2021-11-08,4.117,-0.529,4.404,12
Stevenston,2021-11-08,4.187,-0.567,4.455,39
Stevenston - Stevenston East,2021-11-08,5.054,0.560,4.594,23
Stevenston - Stevenston West,2021-11-08,4.604,0.073,4.548,25
Stirling,2021-11-08,4.696,0.753,4.267,52
Stirling - University,2021-11-08,4.809,0.377,4.476,12
Stonehouse,2021-11-08,4.933,0.138,4.830,31
Strathaven,2021-11-08,4.966,0.487,4.681,28
Swinstie,2021-11-08,4.989,0.545,4.634,27
Tillicoultry,2021-11-08,5.728,0.240,5.505,32
Troqueer,2021-11-08,5.081,-0.212,5.252,48
Turriff,2021-11-08,5.109,0.397,4.770,19
Whitburn,2021-11-08,5.060,0.008,5.054,42
Winchburgh,2021-11-08,5.109,0.021,5.092,38
Allanfearn,2021-11-15,4.895,0.068,4.844,66
Allers,2021-11-15,5.376,0.361,5.117,38
Alloa,2021-11-15,4.950,-0.192,5.036,45
Alva,2021-11-15,5.420,0.396,5.133,33
Annan,2021-11-15,5.340,0.928,4.560,46
Ardoch,2021-11-15,4.808,0.235,4.657,30
Armadale,2021-11-15,5.274,0.185,5.146,39
Aviemore,2021-11-15,5.500,0.092,5.432,17
Banchory,2021-11-15,4.965,-0.223,5.175,25
Banff,2021-11-15,5.058,-0.040,5.105,26
Bathgate,2021-11-15,5.082,0.125,4.995,39
Blackburn,2021-11-15,4.976,-0.009,4.981,42
Blackridge,2021-11-15,4.865,0.604,4.327,38
Blackwood,2021-11-15,4.709,-0.017,4.723,30
Boness,2021-11-15,4.739,0.131,4.635,34
Bonnybridge,2021-11-15,4.808,-0.161,4.906,34
Bothwellbank,2021-11-15,4.838,-0.288,5.046,37
Bowhouse,2021-11-15,4.871,-0.317,5.198,31
Carbarns,2021-11-15,5.111,-0.245,5.272,63
Coldstream,2021-11-15,5.610,1.117,4.615,30
Cumnock,2021-11-15,5.300,-0.180,5.448,29
Cupar,2021-11-15,5.171,0.305,4.915,34
Dalbeattie,2021-11-15,4.602,-0.446,5.001,36
Dalmuir,2021-11-15,5.272,0.429,5.033,64
Dalmuir - Auchinairn (6298),2021-11-15,4.837,-0.251,5.101,27
Dalmuir - Auchinairn (6330),2021-11-15,4.556,-0.620,5.012,26
Dalmuir - SECC,2021-11-15,5.512,,5.207,6
Denny,2021-11-15,5.200,1.277,4.554,35
Dunblane,2021-11-15,5.361,0.553,4.924,30
Dunfermline,2021-11-15,5.644,0.628,5.173,64
Dunnswood,2021-11-15,5.150,0.166,5.027,30
Duns,2021-11-15,4.575,-0.375,4.878,30
East Calder,2021-11-15,5.002,-0.464,5.251,45
Ellon,2021-11-15,5.077,-0.059,5.131,23
Erskine,2021-11-15,4.979,,4.717,2
Eyemouth,2021-11-15,5.088,0.202,4.900,18
Fairlie,2021-11-15,3.514,-0.907,4.063,30
Falkirk,2021-11-15,5.008,0.285,4.840,58
Fauldhouse,2021-11-15,5.087,0.115,4.997,40
Forfar,2021-11-15,5.302,0.498,4.941,32
Forres,2021-11-15,5.405,0.449,5.081,20
Fort William,2021-11-15,4.764,0.062,4.711,48
Fraserburgh,2021-11-15,4.980,-0.506,5.345,38
Galashiels,2021-11-15,5.278,0.654,4.748,49
Girvan,2021-11-15,4.701,0.238,4.497,23
Guardbridge,2021-11-15,5.548,0.785,4.831,28
Haddington,2021-11-15,5.242,,4.928,2
Hamilton,2021-11-15,5.235,0.107,5.170,60
Harthill,2021-11-15,5.757,0.552,5.131,30
Hatton,2021-11-15,5.167,0.273,5.007,62
Hatton - Fintry East,2021-11-15,4.655,-0.363,5.012,23
Hatton - Fintry North,2021-11-15,5.136,0.542,4.778,23
Hatton - Fintry West,2021-11-15,5.118,0.711,4.508,23
Hawick,2021-11-15,5.330,0.503,4.924,55
Helensburgh,2021-11-15,4.929,0.089,4.870,52
Huntly,2021-11-15,4.963,0.139,4.856,20
Inverclyde,2021-11-15,4.880,0.379,4.677,47
Inverclyde - Gourock,2021-11-15,4.322,-0.859,4.702,27
Inverurie,2021-11-15,5.402,0.228,5.196,23
Ironmill Bay,2021-11-15,5.003,0.183,4.887,34
Jedburgh,2021-11-15,4.419,,5.241,2
Kelso,2021-11-15,5.121,0.992,4.338,22
Kinneil,2021-11-15,5.407,,5.209,2
Kirkcaldy,2021-11-15,5.526,0.559,5.246,39
Kirkwall,2021-11-15,5.068,0.893,4.384,42
Lanark,2021-11-15,4.839,0.192,4.714,31
Langholm,2021-11-15,3.988,-0.743,4.419,16
Largs,2021-11-15,4.288,-0.276,4.448,29
Lerwick,2021-11-15,4.186,1.120,3.060,32
Lesmahagow,2021-11-15,5.276,0.666,4.735,27
Levenmouth,2021-11-15,5.238,0.466,4.941,52
Linlithgow,2021-11-15,5.073,-0.079,5.141,42
Loch Ryan,2021-11-15,4.055,-0.258,4.240,19
Lockerbie,2021-11-15,5.067,0.613,4.462,46
Mauldslie,2021-11-15,4.990,-0.309,5.174,33
Meadowhead,2021-11-15,4.855,-0.122,4.921,60
Meadowhead - Kilmarnock HMP,2021-11-15,3.954,-1.151,4.986,23
Montrose,2021-11-15,5.422,,4.963,2
Nairn,2021-11-15,4.566,-0.353,4.860,43
Neilston,2021-11-15,4.932,0.341,4.647,30
New Cumnock,2021-11-15,4.729,-0.029,4.748,30
Newbridge,2021-11-15,4.940,,5.040,2
Newburgh,2021-11-15,5.825,1.233,4.633,32
Newport & Tayport,2021-11-15,4.667,0.186,4.501,33
Newtown St Boswell,2021-11-15,5.611,0.688,4.915,28
Nigg,2021-11-15,5.445,0.561,5.066,67
Paisley,2021-11-15,5.200,0.763,4.771,37
Paisley - Blackhall,2021-11-15,4.911,-0.003,4.914,28
Paisley - Brediland,2021-11-15,4.279,0.847,3.336,26
Peebles,2021-11-15,5.010,1.026,4.330,44
Penicuik,2021-11-15,5.287,0.313,5.064,30
Persley,2021-11-15,5.424,,5.519,2
Perth,2021-11-15,5.310,0.200,5.178,35
Peterhead,2021-11-15,4.696,0.223,4.529,41
Philipshill,2021-11-15,4.987,-0.061,5.023,64
Sanquhar,2021-11-15,4.203,0.170,4.069,21
Seafield,2021-11-15,5.084,0.272,4.938,60
Seafield - Cockenzie,2021-11-15,6.061,2.292,4.534,17
Seafield - Craigmillar,2021-11-15,4.464,,4.817,2
Seafield - Muirhouse,2021-11-15,5.261,,4.400,2
Seafield - Restalrig,2021-11-15,5.001,,5.302,2
Selkirk,2021-11-15,4.813,0.337,4.572,16
Shieldhall,2021-11-15,4.987,0.126,4.917,72
Shieldhall - Barrhead,2021-11-15,5.212,-0.458,5.548,28
Shieldhall - Gorbals,2021-11-15,5.749,2.298,4.734,29
Shieldhall - Pollockshields West,2021-11-15,5.071,0.234,4.923,20
Shotts,2021-11-15,5.137,0.324,4.949,31
Skellyton,2021-11-15,5.043,-0.306,5.276,29
Springfield,2021-11-15,4.825,-0.017,4.842,35
St Andrews,2021-11-15,5.668,0.823,5.109,35
St Andrews - University (2979),2021-11-15,3.537,-0.572,3.972,13
St Andrews - University (4964),2021-11-15,5.115,1.583,4.291,13
Stevenston,2021-11-15,4.472,0.265,4.350,40
Stevenston - Stevenston East,2021-11-15,3.605,-1.437,4.775,24
Stevenston - Stevenston West,2021-11-15,4.392,-0.238,4.570,26
Stirling,2021-11-15,4.859,0.743,4.436,53
Stonehouse,2021-11-15,4.352,-0.691,4.871,32
Strathaven,2021-11-15,4.428,-0.617,4.793,29
Swinstie,2021-11-15,4.674,-0.155,4.773,28
Thurso,2021-11-15,4.414,,,0
Tillicoultry,2021-11-15,5.572,-0.023,5.593,33
Troqueer,2021-11-15,5.027,-0.199,5.185,49
Turriff,2021-11-15,4.768,-0.158,4.903,20
Whitburn,2021-11-15,4.958,-0.135,5.057,43
Winchburgh,2021-11-15,5.145,0.055,5.099,39
Allanfearn,2021-11-22,5.220,0.483,4.864,67
Allers,2021-11-22,5.574,0.496,5.219,39
Alloa,2021-11-22,5.052,0.114,5.002,46
Alva,2021-11-22,5.409,0.223,5.246,34
Annan,2021-11-22,5.440,0.677,4.867,47
Ardoch,2021-11-22,4.665,-0.080,4.717,31
Armadale,2021-11-22,5.348,0.222,5.196,40
Aviemore,2021-11-22,5.209,-0.345,5.459,18
Banchory,2021-11-22,4.940,-0.163,5.092,26
Banff,2021-11-22,5.022,-0.057,5.086,27
Bathgate,2021-11-22,5.283,0.371,5.030,40
Blackburn,2021-11-22,4.732,-0.441,4.979,43
Blackridge,2021-11-22,4.942,0.463,4.538,39
Blairgowrie,2021-11-22,5.788,0.731,5.246,31
Boness,2021-11-22,4.780,0.132,4.676,35
Bonnybridge,2021-11-22,5.643,1.309,4.867,35
Bothwellbank,2021-11-22,5.005,0.057,4.964,38
Bowhouse,2021-11-22,4.886,-0.181,5.069,32
Buckie,2021-11-22,5.095,-0.042,5.112,16
Carbarns,2021-11-22,5.260,0.081,5.208,64
Coldstream,2021-11-22,4.985,-0.024,5.007,31
Cupar,2021-11-22,5.100,0.101,5.016,35
Dalbeattie,2021-11-22,5.166,0.368,4.844,37
Dalmuir,2021-11-22,5.295,0.307,5.127,65
Dalmuir - Auchinairn (6298),2021-11-22,4.307,-0.669,4.997,28
Dalmuir - Auchinairn (6330),2021-11-22,4.877,0.062,4.833,27
Dalmuir - SECC,2021-11-22,3.915,-1.852,5.327,7
Denny,2021-11-22,5.160,0.691,4.803,36
Dunbar,2021-11-22,5.406,0.586,4.967,26
Dunblane,2021-11-22,5.490,0.500,5.096,31
Dunfermline,2021-11-22,5.182,-0.235,5.359,65
Dunnswood,2021-11-22,4.901,-0.240,5.076,31
Duns,2021-11-22,4.724,-0.044,4.759,31
East Calder,2021-11-22,4.875,-0.531,5.153,46
Ellon,2021-11-22,5.412,0.335,5.110,24
Erskine,2021-11-22,4.961,,4.820,3
Eyemouth,2021-11-22,4.318,-0.702,4.974,19
Fairlie,2021-11-22,5.270,2.409,3.847,31
Falkirk,2021-11-22,4.927,0.036,4.906,59
Fauldhouse,2021-11-22,5.519,0.643,5.033,41
Forfar,2021-11-22,5.463,0.521,5.083,33
Forres,2021-11-22,5.369,0.216,5.208,21
Fort William,2021-11-22,4.440,-0.329,4.731,49
Fraserburgh,2021-11-22,5.060,-0.201,5.201,39
Galashiels,2021-11-22,5.704,0.910,4.957,50
Girvan,2021-11-22,4.591,0.016,4.577,24
Guardbridge,2021-11-22,4.960,-0.163,5.113,29
Haddington,2021-11-22,6.034,,5.052,3
Hamilton,2021-11-22,5.487,0.498,5.196,61
Hatton,2021-11-22,5.266,0.341,5.070,63
Hatton - Fintry North,2021-11-22,4.584,-0.519,4.918,24
Hawick,2021-11-22,4.822,-0.322,5.084,56
Helensburgh,2021-11-22,4.607,-0.434,4.893,53
Huntly,2021-11-22,5.243,0.455,4.898,21
Inverclyde,2021-11-22,4.834,0.147,4.756,48
Inverclyde - Gourock,2021-11-22,4.943,0.868,4.553,28
Inverurie,2021-11-22,5.499,0.248,5.277,24
Ironmill Bay,2021-11-22,4.813,-0.189,4.933,35
Jedburgh,2021-11-22,4.087,,4.918,3
Kelso,2021-11-22,4.608,-0.047,4.646,23
Kinneil,2021-11-22,5.438,,5.287,3
Kirkcaldy,2021-11-22,5.399,0.087,5.356,40
Kirkwall,2021-11-22,4.595,-0.074,4.653,43
Langholm,2021-11-22,4.581,0.571,4.250,17
Largs,2021-11-22,4.679,0.519,4.385,30
Lerwick,2021-11-22,4.935,1.432,3.503,33
Levenmouth,2021-11-22,5.085,0.042,5.057,53
Linlithgow,2021-11-22,5.368,0.299,5.114,43
Loch Ryan,2021-11-22,4.963,1.139,4.167,20
Lockerbie,2021-11-22,4.639,-0.062,4.700,47
Maybole,2021-11-22,5.376,0.424,4.952,24
Meadowhead,2021-11-22,5.084,0.356,4.895,61
Meadowhead - Kilmarnock HMP,2021-11-22,5.165,0.665,4.580,24
Montrose,2021-11-22,5.398,,5.144,3
Neilston,2021-11-22,4.806,0.057,4.759,31
Newbridge,2021-11-22,5.339,,5.001,3
Newburgh,2021-11-22,4.934,-0.166,5.102,33
Newport & Tayport,2021-11-22,5.139,0.660,4.566,34
Newtown St Boswell,2021-11-22,5.410,0.214,5.189,29
Nigg,2021-11-22,5.431,0.318,5.215,68
Paisley,2021-11-22,4.929,-0.019,4.940,38
Paisley - Blackhall,2021-11-22,5.472,0.792,4.913,29
Paisley - Brediland,2021-11-22,4.172,0.424,3.707,27
Penicuik,2021-11-22,5.208,0.081,5.151,31
Persley,2021-11-22,5.537,,5.482,3
Perth,2021-11-22,5.219,-0.016,5.230,36
Peterhead,2021-11-22,4.544,-0.068,4.595,42
Philipshill,2021-11-22,5.140,0.223,5.009,65
Sanquhar,2021-11-22,5.567,1.861,4.122,22
Seafield,2021-11-22,5.311,0.598,4.995,61
Seafield - Craigmillar,2021-11-22,4.794,,4.678,3
Seafield - Muirhouse,2021-11-22,5.676,,4.739,3
Seafield - Restalrig,2021-11-22,5.275,,5.184,3
Selkirk,2021-11-22,4.836,0.240,4.667,17
Shieldhall,2021-11-22,5.088,0.265,4.945,73
Shieldhall - Barrhead,2021-11-22,5.522,0.148,5.416,29
Shieldhall - Gorbals,2021-11-22,4.510,-0.912,4.951,30
Shieldhall - Pollockshields West,2021-11-22,5.022,0.066,4.982,21
Springfield,2021-11-22,4.913,0.084,4.835,36
St Andrews,2021-11-22,5.775,0.639,5.329,36
St Andrews - University (2979),2021-11-22,3.907,0.141,3.801,14
St Andrews - University (4964),2021-11-22,5.036,0.894,4.547,14
Stevenston,2021-11-22,5.115,1.592,4.398,41
Stevenston - Stevenston East,2021-11-22,4.607,0.286,4.375,25
Stevenston - Stevenston West,2021-11-22,4.893,0.539,4.500,27
Stirling,2021-11-22,4.778,0.306,4.602,54
Stirling - University,2021-11-22,4.355,-0.291,4.607,13
Thurso,2021-11-22,4.646,,4.414,1
Tillicoultry,2021-11-22,5.250,-0.355,5.584,34
Troqueer,2021-11-22,5.206,0.107,5.123,50
Turriff,2021-11-22,4.910,0.072,4.850,21
Whitburn,2021-11-22,5.073,0.078,5.018,44
Winchburgh,2021-11-22,4.556,-0.673,5.117,40
Allanfearn,2021-11-29,5.229,0.308,5.004,68
Alloa,2021-11-29,5.315,0.688,5.022,47
Annan,2021-11-29,5.195,0.120,5.092,48
Ardoch,2021-11-29,4.816,0.185,4.696,32
Armadale,2021-11-29,5.078,-0.264,5.256,41
Aviemore,2021-11-29,5.606,0.349,5.361,19
Banchory,2021-11-29,4.800,-0.252,5.032,27
Banff,2021-11-29,4.797,-0.239,5.061,28
Blackburn,2021-11-29,5.063,0.332,4.881,44
Blackridge,2021-11-29,4.941,0.287,4.697,40
Bonnybridge,2021-11-29,5.578,0.684,5.159,36
Bowhouse,2021-11-29,4.959,-0.038,4.997,33
Carbarns,2021-11-29,5.324,0.153,5.229,65
Cumnock,2021-11-29,4.630,-0.927,5.390,30
Cupar,2021-11-29,5.119,0.085,5.049,36
Dalbeattie,2021-11-29,4.861,-0.125,4.971,38
Dalmuir,2021-11-29,5.267,0.136,5.193,66
Denny,2021-11-29,5.043,0.192,4.944,37
Dunoon,2021-11-29,4.487,,,0
East Calder,2021-11-29,5.503,0.899,5.044,47
Erskine,2021-11-29,5.211,,4.876,4
Falkirk,2021-11-29,5.562,1.142,4.914,60
Forfar,2021-11-29,4.972,-0.352,5.233,34
Forres,2021-11-29,5.203,-0.091,5.272,22
Fort William,2021-11-29,4.271,-0.390,4.617,50
Fraserburgh,2021-11-29,4.863,-0.410,5.146,40
Haddington,2021-11-29,5.078,,5.438,4
Hamilton,2021-11-29,5.098,-0.367,5.310,62
Hatton,2021-11-29,5.116,-0.056,5.147,64
Hawick,2021-11-29,4.994,0.017,4.981,57
Huntly,2021-11-29,3.842,-1.575,5.034,22
Inverclyde,2021-11-29,4.968,0.350,4.787,49
Inverurie,2021-11-29,5.230,-0.151,5.365,25
Ironmill Bay,2021-11-29,4.854,-0.051,4.886,36
Kirkwall,2021-11-29,4.188,-0.563,4.630,44
Largs,2021-11-29,4.846,0.613,4.501,31
Lesmahagow,2021-11-29,5.102,0.190,4.948,28
Levenmouth,2021-11-29,4.706,-0.552,5.068,54
Linlithgow,2021-11-29,5.588,0.443,5.214,44
Meadowhead,2021-11-29,5.022,0.100,4.970,62
Meadowhead - Kilmarnock HMP,2021-11-29,4.357,-0.519,4.810,25
Montrose,2021-11-29,5.003,,5.244,4
Nairn,2021-11-29,5.076,0.406,4.744,44
Newbridge,2021-11-29,4.996,,5.134,4
Newburgh,2021-11-29,4.498,-0.534,5.036,34
Newport & Tayport,2021-11-29,5.376,0.679,4.792,35
Nigg,2021-11-29,5.190,-0.162,5.300,69
Paisley,2021-11-29,4.943,0.013,4.936,39
Persley,2021-11-29,5.283,,5.503,4
Perth,2021-11-29,5.226,0.000,5.226,37
Peterhead,2021-11-29,4.730,0.212,4.575,43
Philipshill,2021-11-29,5.243,0.317,5.061,66
Seafield,2021-11-29,5.173,0.102,5.119,62
Shieldhall,2021-11-29,5.180,0.339,5.001,74
Shotts,2021-11-29,5.261,0.415,5.023,32
Stevenston,2021-11-29,4.668,0.104,4.619,42
Stevenston - Stevenston East,2021-11-29,4.302,-0.208,4.466,26
Stirling,2021-11-29,4.753,0.143,4.671,55
Stornoway,2021-11-29,3.631,-1.171,4.368,18
Strathaven,2021-11-29,4.110,-0.936,4.649,30
Thurso,2021-11-29,5.015,,4.505,2
Troqueer,2021-11-29,5.073,-0.107,5.156,51
Whitburn,2021-11-29,4.883,-0.224,5.040,45
Winchburgh,2021-11-29,4.116,-0.960,4.896,41
Allanfearn,2021-12-06,4.948,-0.199,5.093,69
Allers,2021-12-06,5.387,0.040,5.358,40
Alloa,2021-12-06,4.974,-0.383,5.137,48
Alva,2021-12-06,4.627,-0.936,5.310,35
Annan,2021-12-06,3.466,-1.964,5.133,49
Ardoch,2021-12-06,4.679,-0.099,4.743,33
Armadale,2021-12-06,5.453,0.405,5.186,42
Aviemore,2021-12-06,5.404,-0.077,5.457,20
Banchory,2021-12-06,4.477,-0.515,4.941,28
Banff,2021-12-06,4.040,-0.847,4.957,29
Bathgate,2021-12-06,4.619,-0.751,5.129,41
Blackburn,2021-12-06,5.109,0.291,4.953,45
Blackridge,2021-12-06,4.953,0.191,4.793,41
Blackwood,2021-12-06,4.119,-0.751,4.718,31
Blairgowrie,2021-12-06,4.500,-1.258,5.459,32
Boness,2021-12-06,5.162,0.578,4.717,36
Bonnybridge,2021-12-06,5.037,-0.459,5.324,37
Bothwellbank,2021-12-06,4.652,-0.478,4.980,39
Bowhouse,2021-12-06,4.596,-0.394,4.982,34
Buckie,2021-12-06,4.586,-1.268,5.105,17
Carbarns,2021-12-06,5.043,-0.366,5.266,66
Coldstream,2021-12-06,3.926,-1.192,4.998,32
Cumnock,2021-12-06,5.070,-0.026,5.091,31
Cupar,2021-12-06,4.507,-0.687,5.077,37
Dalmuir,2021-12-06,5.126,-0.181,5.222,67
Dalmuir - Auchinairn (6298),2021-12-06,4.893,0.166,4.726,29
Dalmuir - Auchinairn (6330),2021-12-06,3.737,-1.586,4.850,28
Denny,2021-12-06,5.217,0.451,4.983,38
Dunbar,2021-12-06,5.326,0.247,5.140,27
Dunblane,2021-12-06,4.401,-1.075,5.251,32
Dunfermline,2021-12-06,5.374,0.115,5.289,66
Dunoon,2021-12-06,4.378,,4.487,1
Duns,2021-12-06,5.258,0.645,4.745,32
East Calder,2021-12-06,5.196,-0.056,5.225,48
Ellon,2021-12-06,4.983,-0.271,5.229,25
Erskine,2021-12-06,5.085,,5.008,5
Eyemouth,2021-12-06,4.386,-0.362,4.716,20
Falkirk,2021-12-06,5.032,-0.234,5.169,61
Fauldhouse,2021-12-06,4.738,-0.644,5.224,42
Forfar,2021-12-06,4.838,-0.402,5.130,35
Forres,2021-12-06,4.606,-0.845,5.245,23
Fort William,2021-12-06,4.562,0.092,4.481,51
Fraserburgh,2021-12-06,4.601,-0.645,5.034,41
Galashiels,2021-12-06,4.118,-1.324,5.250,51
Girvan,2021-12-06,5.077,0.594,4.583,25
Guardbridge,2021-12-06,4.328,-0.775,5.053,30
Haddington,2021-12-06,5.093,,5.297,5
Hamilton,2021-12-06,5.101,-0.223,5.227,63
Harthill,2021-12-06,5.225,-0.133,5.377,31
Hatton,2021-12-06,4.953,-0.325,5.135,65
Hatton - Fintry East,2021-12-06,4.710,-0.168,4.871,24
Hatton - Fintry North,2021-12-06,4.767,-0.031,4.787,25
Hatton - Fintry West,2021-12-06,4.348,-0.475,4.748,24
Hawick,2021-12-06,4.838,-0.188,4.986,58
Helensburgh,2021-12-06,5.028,0.384,4.780,54
Huntly,2021-12-06,4.065,-0.791,4.662,23
Inverclyde,2021-12-06,4.835,-0.045,4.858,50
Inverclyde - Gourock,2021-12-06,4.586,-0.275,4.706,29
Inverurie,2021-12-06,4.522,-0.898,5.312,26
Ironmill Bay,2021-12-06,4.993,0.194,4.873,37
Jedburgh,2021-12-06,4.643,,4.591,4
Kelso,2021-12-06,4.611,-0.025,4.631,24
Kinneil,2021-12-06,5.076,,5.346,4
Kirkcaldy,2021-12-06,5.264,-0.219,5.373,41
Kirkwall,2021-12-06,3.905,-0.718,4.456,45
Langholm,2021-12-06,3.746,-1.127,4.380,18
Largs,2021-12-06,4.598,-0.069,4.637,32
Levenmouth,2021-12-06,5.094,0.262,4.926,55
Linlithgow,2021-12-06,5.388,0.032,5.361,45
Loch Ryan,2021-12-06,3.411,-1.519,4.480,21
Lockerbie,2021-12-06,4.096,-0.601,4.676,48
Maybole,2021-12-06,5.137,0.018,5.119,25
Meadowhead,2021-12-06,4.855,-0.266,4.990,63
Meadowhead - Kilmarnock HMP,2021-12-06,4.068,-0.662,4.632,26
Montrose,2021-12-06,4.501,,5.149,5
New Cumnock,2021-12-06,4.799,0.091,4.741,31
Newbridge,2021-12-06,5.073,,5.080,5
Newburgh,2021-12-06,4.959,0.136,4.824,35
Newport & Tayport,2021-12-06,4.219,-0.928,5.022,36
Newtown St Boswell,2021-12-06,4.174,-1.056,5.276,30
Nigg,2021-12-06,4.891,-0.551,5.257,70
Paisley,2021-12-06,4.791,-0.277,4.939,40
Paisley - Brediland,2021-12-06,4.080,0.177,3.890,28
Peebles,2021-12-06,4.348,-0.362,4.597,45
Persley,2021-12-06,4.943,,5.417,5
Perth,2021-12-06,4.988,-0.369,5.226,38
Peterhead,2021-12-06,4.616,-0.027,4.636,44
Philipshill,2021-12-06,4.982,-0.267,5.132,67
Seafield,2021-12-06,5.099,-0.080,5.140,63
Seafield - Cockenzie,2021-12-06,4.391,-0.660,4.861,18
Seafield - Craigmillar,2021-12-06,4.622,,4.724,4
Seafield - Muirhouse,2021-12-06,4.909,,5.108,4
Selkirk,2021-12-06,3.919,-1.166,4.734,18
Shieldhall,2021-12-06,4.813,-0.498,5.072,75
Shieldhall - Barrhead,2021-12-06,5.391,-0.093,5.458,30
Shieldhall - Gorbals,2021-12-06,4.232,-1.149,4.778,31
Shieldhall - Pollockshields West,2021-12-06,4.260,-1.224,4.998,22
Shotts,2021-12-06,4.890,-0.396,5.117,33
Skellyton,2021-12-06,5.140,-0.059,5.184,30
Springfield,2021-12-06,4.885,0.021,4.866,37
St Andrews,2021-12-06,4.617,-1.234,5.504,37
St Andrews - University (2979),2021-12-06,1.986,-2.559,3.842,15
St Andrews - University (4964),2021-12-06,3.963,-1.393,4.739,15
Stevenston,2021-12-06,4.818,0.394,4.638,43
Stevenston - Stevenston East,2021-12-06,4.480,0.101,4.402,27
Stevenston - Stevenston West,2021-12-06,3.719,-1.303,4.655,28
Stirling,2021-12-06,4.598,-0.184,4.704,56
Stirling - University,2021-12-06,2.275,-2.682,4.508,14
Stonehouse,2021-12-06,4.909,0.331,4.666,33
Thurso,2021-12-06,4.203,,4.706,3
Tillicoultry,2021-12-06,4.912,-0.585,5.453,35
Troqueer,2021-12-06,4.680,-0.584,5.123,52
Turriff,2021-12-06,3.714,-1.412,4.874,22
Whitburn,2021-12-06,4.950,-0.041,4.978,46
Winchburgh,2021-12-06,5.093,0.632,4.589,42
Allanfearn,2021-12-13,4.868,-0.237,5.036,70
Allers,2021-12-13,5.398,0.039,5.370,41
Alloa,2021-12-13,4.872,-0.486,5.073,49
Alva,2021-12-13,5.083,0.058,5.041,36
Annan,2021-12-13,4.632,-0.097,4.716,50
Ardoch,2021-12-13,4.270,-0.698,4.718,34
Aviemore,2021-12-13,5.693,0.379,5.436,21
Banchory,2021-12-13,5.073,0.357,4.758,29
Banff,2021-12-13,4.959,0.342,4.596,30
Bathgate,2021-12-13,4.960,0.048,4.928,42
Blackburn,2021-12-13,4.947,-0.126,5.014,46
Blackridge,2021-12-13,5.092,0.290,4.856,42
Blackwood,2021-12-13,5.358,1.113,4.482,32
Blairgowrie,2021-12-13,4.615,-0.629,5.084,33
Boness,2021-12-13,5.230,0.439,4.892,37
Bonnybridge,2021-12-13,5.161,-0.082,5.211,38
Bothwellbank,2021-12-13,5.414,0.839,4.851,40
Bowhouse,2021-12-13,5.029,0.207,4.830,35
Buckie,2021-12-13,4.454,-1.109,4.904,18
Carbarns,2021-12-13,5.507,0.551,5.178,67
Coldstream,2021-12-13,5.738,1.316,4.576,33
Cumnock,2021-12-13,4.490,-0.755,5.083,32
Cupar,2021-12-13,5.015,0.201,4.852,38
Dalbeattie,2021-12-13,4.915,-0.015,4.928,39
Dalmuir,2021-12-13,5.305,0.231,5.184,68
Dalmuir - Auchinairn (6298),2021-12-13,5.061,0.272,4.792,30
Dalmuir - Auchinairn (6330),2021-12-13,5.089,0.820,4.505,29
Denny,2021-12-13,5.110,0.067,5.075,39
Dunbar,2021-12-13,5.116,-0.128,5.213,28
Dunblane,2021-12-13,5.136,0.284,4.917,33
Dunfermline,2021-12-13,5.464,0.195,5.323,67
Dunnswood,2021-12-13,4.283,-1.020,5.007,32
Dunoon,2021-12-13,4.859,,4.444,2
Duns,2021-12-13,4.777,-0.207,4.947,33
East Calder,2021-12-13,5.679,0.930,5.213,49
Ellon,2021-12-13,4.676,-0.509,5.132,26
Erskine,2021-12-13,5.294,,5.038,6
Eyemouth,2021-12-13,4.573,-0.015,4.586,21
Fairlie,2021-12-13,4.529,0.574,4.138,32
Falkirk,2021-12-13,5.361,0.427,5.115,62
Fauldhouse,2021-12-13,5.170,0.186,5.033,43
Forfar,2021-12-13,4.821,-0.274,5.015,36
Forres,2021-12-13,5.386,0.532,4.993,24
Fraserburgh,2021-12-13,4.572,-0.444,4.864,42
Galashiels,2021-12-13,4.835,0.006,4.830,52
Girvan,2021-12-13,4.785,0.009,4.777,26
Guardbridge,2021-12-13,5.057,0.317,4.768,31
Hamilton,2021-12-13,5.475,0.541,5.177,64
Harthill,2021-12-13,5.988,0.589,5.317,32
Hatton,2021-12-13,5.255,0.353,5.063,66
Hatton - Fintry East,2021-12-13,4.711,-0.104,4.808,25
Hatton - Fintry North,2021-12-13,4.640,-0.224,4.779,26
Hatton - Fintry West,2021-12-13,6.056,1.777,4.591,25
Helensburgh,2021-12-13,4.690,-0.291,4.878,55
Huntly,2021-12-13,5.256,1.119,4.427,24
Inverclyde,2021-12-13,5.116,0.535,4.849,51
Inverclyde - Gourock,2021-12-13,4.400,-0.598,4.659,30
Inverurie,2021-12-13,5.162,0.188,5.001,27
Ironmill Bay,2021-12-13,4.801,-0.194,4.920,38
Kelso,2021-12-13,5.342,0.905,4.623,25
Kinneil,2021-12-13,5.605,,5.240,5
Kirkcaldy,2021-12-13,5.456,0.259,5.330,42
Kirkwall,2021-12-13,3.661,-0.772,4.239,46
Langholm,2021-12-13,3.995,-0.234,4.131,19
Largs,2021-12-13,4.748,0.227,4.621,33
Lerwick,2021-12-13,3.924,-0.068,3.995,34
Lesmahagow,2021-12-13,4.881,-0.159,5.008,29
Levenmouth,2021-12-13,5.363,0.576,4.992,56
Linlithgow,2021-12-13,5.208,-0.194,5.372,46
Loch Ryan,2021-12-13,4.176,0.060,4.134,22
Lockerbie,2021-12-13,4.770,0.343,4.448,49
Mauldslie,2021-12-13,4.878,-0.381,5.101,34
Meadowhead,2021-12-13,5.014,0.156,4.937,64
Meadowhead - Kilmarnock HMP,2021-12-13,3.877,-0.639,4.410,27
Montrose,2021-12-13,4.346,,5.024,6
Nairn,2021-12-13,4.503,-0.455,4.875,45
New Cumnock,2021-12-13,4.285,-0.764,4.763,32
Newbridge,2021-12-13,5.418,,5.077,6
Newburgh,2021-12-13,4.896,0.019,4.877,36
Newport & Tayport,2021-12-13,5.207,0.593,4.706,37
Newtown St Boswell,2021-12-13,3.975,-0.852,4.843,31
Nigg,2021-12-13,5.243,0.201,5.113,71
Paisley,2021-12-13,5.278,0.765,4.880,41
Paisley - Blackhall,2021-12-13,5.118,-0.021,5.133,30
Paisley - Brediland,2021-12-13,3.056,-0.864,3.965,29
Penicuik,2021-12-13,5.386,0.309,5.174,32
Persley,2021-12-13,5.077,,5.363,6
Perth,2021-12-13,5.083,-0.078,5.132,39
Peterhead,2021-12-13,4.839,0.295,4.628,45
Philipshill,2021-12-13,5.445,0.676,5.073,68
Sanquhar,2021-12-13,4.070,-0.548,4.504,23
Seafield,2021-12-13,5.585,0.911,5.124,64
Seafield - Cockenzie,2021-12-13,4.448,-0.325,4.676,19
Seafield - Craigmillar,2021-12-13,4.846,,4.684,5
Seafield - Muirhouse,2021-12-13,4.721,,5.029,5
Seafield - Restalrig,2021-12-13,5.661,,5.220,4
Shieldhall,2021-12-13,5.135,0.325,4.970,76
Shieldhall - Barrhead,2021-12-13,5.551,0.169,5.431,31
Shieldhall - Gorbals,2021-12-13,4.944,0.799,4.563,32
Shieldhall - Pollockshields West,2021-12-13,4.477,-0.382,4.707,23
Shotts,2021-12-13,5.465,0.782,5.028,34
Skellyton,2021-12-13,5.707,0.742,5.167,31
Springfield,2021-12-13,5.859,1.099,4.873,38
St Andrews,2021-12-13,5.015,-0.200,5.155,38
St Andrews - University (2979),2021-12-13,4.359,0.993,3.485,16
St Andrews - University (4964),2021-12-13,4.860,0.719,4.465,16
Stevenston,2021-12-13,4.720,0.024,4.709,44
Stevenston - Stevenston East,2021-12-13,5.193,1.008,4.432,28
Stevenston - Stevenston West,2021-12-13,5.146,1.176,4.302,29
Stirling,2021-12-13,5.273,1.088,4.662,57
Stirling - University,2021-12-13,1.800,-2.421,4.098,15
Stonehouse,2021-12-13,5.064,0.415,4.762,34
Strathaven,2021-12-13,4.283,-0.274,4.437,31
Swinstie,2021-12-13,4.514,-0.351,4.734,29
Thurso,2021-12-13,3.972,,4.508,4
Tillicoultry,2021-12-13,4.718,-0.579,5.240,36
Troqueer,2021-12-13,5.409,0.622,4.949,53
Whitburn,2021-12-13,5.189,0.334,4.967,47
Winchburgh,2021-12-13,5.524,0.936,4.787,43
Allanfearn,2021-12-20,5.281,0.450,4.970,71
Annan,2021-12-20,4.643,-0.048,4.683,51
Banff,2021-12-20,5.281,0.521,4.739,31
Bathgate,2021-12-20,5.452,0.786,4.941,43
Blackburn,2021-12-20,5.374,0.740,4.988,47
Bothwellbank,2021-12-20,5.875,1.196,5.072,41
Carbarns,2021-12-20,5.859,0.939,5.308,68
Dalbeattie,2021-12-20,5.647,0.858,4.923,40
Dalmuir,2021-12-20,5.742,0.994,5.232,69
Dunfermline,2021-12-20,5.656,0.387,5.378,68
East Calder,2021-12-20,5.521,0.244,5.397,50
Erskine,2021-12-20,5.662,2.318,5.138,7
Falkirk,2021-12-20,5.459,0.428,5.212,63
Forfar,2021-12-20,4.983,0.064,4.939,37
Fort William,2021-12-20,4.849,0.382,4.513,52
Galashiels,2021-12-20,4.573,-0.315,4.832,53
Girvan,2021-12-20,4.763,-0.021,4.780,27
Hamilton,2021-12-20,5.708,0.764,5.294,65
Harthill,2021-12-20,5.379,-0.174,5.581,33
Hatton,2021-12-20,5.438,0.556,5.139,67
Hawick,2021-12-20,5.751,1.063,4.928,59
Helensburgh,2021-12-20,5.237,0.685,4.804,56
Kirkcaldy,2021-12-20,5.465,0.176,5.380,43
Levenmouth,2021-12-20,5.562,0.645,5.138,57
Linlithgow,2021-12-20,5.854,0.657,5.307,47
Lockerbie,2021-12-20,5.427,0.922,4.575,50
Mauldslie,2021-12-20,5.960,1.649,5.013,35
Maybole,2021-12-20,5.526,0.396,5.126,26
Meadowhead,2021-12-20,5.258,0.602,4.967,65
Montrose,2021-12-20,5.096,0.590,4.854,7
Nigg,2021-12-20,5.550,0.604,5.164,72
Paisley,2021-12-20,5.547,0.984,5.037,42
Perth,2021-12-20,4.607,-0.820,5.113,40
Seafield,2021-12-20,5.725,0.812,5.305,65
Shieldhall,2021-12-20,5.579,1.094,5.035,77
Stevenston,2021-12-20,5.131,0.937,4.713,45
Stirling,2021-12-20,5.369,0.793,4.903,58
Whitburn,2021-12-20,5.233,0.274,5.055,48
Winchburgh,2021-12-20,5.781,0.882,5.077,44
Allers,2021-12-27,5.653,0.386,5.381,42
Ardoch,2021-12-27,4.655,0.181,4.542,35
Carbarns,2021-12-27,5.890,0.614,5.525,69
Cupar,2021-12-27,5.459,0.679,4.916,39
Dalmuir,2021-12-27,5.451,0.035,5.432,70
Dunfermline,2021-12-27,5.501,0.019,5.487,69
East Calder,2021-12-27,5.824,0.745,5.446,51
Erskine,2021-12-27,5.408,0.507,5.249,8
Fraserburgh,2021-12-27,5.776,1.594,4.749,43
Galashiels,2021-12-27,5.438,0.883,4.730,54
Girvan,2021-12-27,5.291,0.634,4.773,28
Hamilton,2021-12-27,5.916,0.845,5.457,66
Hatton,2021-12-27,5.567,0.578,5.256,68
Helensburgh,2021-12-27,5.022,0.075,4.974,57
Huntly,2021-12-27,5.898,1.545,4.753,25
Inverclyde,2021-12-27,5.496,1.087,4.954,52
Lanark,2021-12-27,5.225,0.724,4.763,32
Lerwick,2021-12-27,3.826,-0.139,3.967,35
Lesmahagow,2021-12-27,5.273,0.399,4.958,30
Meadowhead,2021-12-27,5.573,1.026,5.082,66
Nigg,2021-12-27,5.878,0.879,5.316,73
Paisley,2021-12-27,5.671,0.816,5.238,43
Perth,2021-12-27,5.165,0.417,4.914,41
Peterhead,2021-12-27,5.538,1.161,4.711,46
Seafield,2021-12-27,5.526,0.104,5.470,66
Shieldhall,2021-12-27,5.793,1.074,5.249,78
St Andrews,2021-12-27,4.902,-0.288,5.100,39
Stirling,2021-12-27,5.427,0.552,5.086,59
Stonehouse,2021-12-27,5.614,1.008,4.880,35
Whitburn,2021-12-27,5.665,0.841,5.125,49
Allanfearn,2022-01-03,5.020,-0.106,5.092,72
Alloa,2022-01-03,5.334,0.841,4.994,50
Alva,2022-01-03,5.183,0.180,5.058,37
Annan,2022-01-03,4.515,-0.187,4.667,52
Ardoch,2022-01-03,4.901,0.507,4.586,36
Armadale,2022-01-03,6.230,1.437,5.291,43
Banchory,2022-01-03,5.192,0.355,4.882,30
Banff,2022-01-03,5.065,0.110,4.952,32
Bathgate,2022-01-03,4.623,-0.794,5.142,44
Blackburn,2022-01-03,4.855,-0.541,5.140,48
Blackridge,2022-01-03,4.148,-1.000,4.949,43
Blackwood,2022-01-03,4.607,-0.280,4.827,33
Blairgowrie,2022-01-03,5.028,0.177,4.899,34
Boness,2022-01-03,5.334,0.400,5.025,38
Bothwellbank,2022-01-03,5.580,0.275,5.388,42
Bowhouse,2022-01-03,5.128,0.233,4.908,36
Buckie,2022-01-03,4.703,-0.060,4.727,19
Carbarns,2022-01-03,5.191,-0.793,5.668,70
Cumnock,2022-01-03,5.355,0.660,4.850,33
Cupar,2022-01-03,5.323,0.238,5.130,40
Daldowie,2022-01-03,5.407,1.756,4.572,41
Dalmuir,2022-01-03,5.272,-0.321,5.440,71
Dalmuir - Auchinairn (6298),2022-01-03,5.557,0.675,4.897,31
Dalmuir - Auchinairn (6330),2022-01-03,4.858,0.175,4.735,30
Denny,2022-01-03,5.097,0.015,5.089,40
Dunblane,2022-01-03,5.369,0.480,5.003,34
Dunfermline,2022-01-03,5.219,-0.388,5.493,70
Dunoon,2022-01-03,4.340,,4.607,3
East Calder,2022-01-03,5.233,-0.692,5.595,52
Erskine,2022-01-03,5.125,-0.598,5.312,9
Eyemouth,2022-01-03,5.110,0.607,4.581,22
Falkirk,2022-01-03,5.062,-0.424,5.309,64
Fauldhouse,2022-01-03,4.810,-0.384,5.087,44
Forfar,2022-01-03,5.423,0.684,4.956,38
Fort William,2022-01-03,4.519,-0.140,4.645,53
Galashiels,2022-01-03,4.690,-0.391,5.008,55
Girvan,2022-01-03,4.795,-0.220,4.977,29
Guardbridge,2022-01-03,4.323,-0.615,4.882,32
Haddington,2022-01-03,4.923,,5.216,6
Hamilton,2022-01-03,5.364,-0.493,5.638,67
Harthill,2022-01-03,4.737,-0.665,5.502,34
Hatton,2022-01-03,5.231,-0.272,5.379,69
Hatton - Fintry East,2022-01-03,5.680,1.000,4.770,26
Hatton - Fintry North,2022-01-03,5.263,0.883,4.724,27
Hawick,2022-01-03,5.156,-0.119,5.252,60
Helensburgh,2022-01-03,5.126,0.207,4.993,58
Huntly,2022-01-03,4.449,-0.856,5.118,26
Inverclyde,2022-01-03,5.049,-0.227,5.167,53
Inverclyde - Gourock,2022-01-03,5.299,1.707,4.557,31
Inverurie,2022-01-03,5.380,0.374,5.064,28
Ironmill Bay,2022-01-03,5.129,0.422,4.873,39
Jedburgh,2022-01-03,4.322,,4.611,5
Kelso,2022-01-03,4.782,-0.150,4.906,26
Kinneil,2022-01-03,4.755,,5.315,6
Kirkcaldy,2022-01-03,5.458,0.092,5.413,44
Kirkwall,2022-01-03,4.987,1.330,4.012,47
Lanark,2022-01-03,4.713,-0.362,4.945,33
Langholm,2022-01-03,4.651,0.998,4.077,20
Largs,2022-01-03,4.907,0.425,4.671,34
Lesmahagow,2022-01-03,5.159,0.097,5.082,31
Levenmouth,2022-01-03,5.144,-0.236,5.305,58
Linlithgow,2022-01-03,5.157,-0.430,5.523,48
Lossiemouth,2022-01-03,5.189,0.492,4.878,35
Mauldslie,2022-01-03,4.521,-1.241,5.296,36
Maybole,2022-01-03,5.250,-0.032,5.283,27
Meadowhead,2022-01-03,5.008,-0.544,5.275,67
Montrose,2022-01-03,4.651,-0.777,4.949,8
Neilston,2022-01-03,5.261,0.591,4.778,32
New Cumnock,2022-01-03,5.606,1.681,4.575,33
Newbridge,2022-01-03,4.869,-1.516,5.148,7
Newburgh,2022-01-03,5.168,0.295,4.884,37
Newport & Tayport,2022-01-03,4.944,0.049,4.903,38
Newtown St Boswell,2022-01-03,5.007,0.508,4.501,32
Nigg,2022-01-03,5.486,-0.077,5.537,74
Paisley,2022-01-03,5.029,-0.690,5.408,44
Paisley - Blackhall,2022-01-03,4.751,-0.545,5.127,31
Peebles,2022-01-03,4.630,0.194,4.499,46
Penicuik,2022-01-03,5.362,0.154,5.257,33
Perth,2022-01-03,5.516,0.849,5.013,42
Philipshill,2022-01-03,5.084,-0.247,5.220,69
Seafield,2022-01-03,5.357,-0.254,5.492,67
Seafield - Cockenzie,2022-01-03,5.729,1.661,4.586,20
Seafield - Craigmillar,2022-01-03,5.179,,4.748,6
Seafield - Muirhouse,2022-01-03,5.477,,4.908,6
Seafield - Restalrig,2022-01-03,5.387,,5.393,5
Selkirk,2022-01-03,4.785,0.544,4.413,19
Shieldhall,2022-01-03,4.687,-1.471,5.463,79
Shieldhall - Barrhead,2022-01-03,5.169,-0.443,5.478,32
Shieldhall - Gorbals,2022-01-03,4.662,-0.109,4.713,33
Shieldhall - Pollockshields West,2022-01-03,4.389,-0.385,4.617,24
Skellyton,2022-01-03,5.080,-0.410,5.380,32
Springfield,2022-01-03,5.077,-0.198,5.261,39
St Andrews,2022-01-03,4.889,-0.199,5.022,40
Stevenston,2022-01-03,4.906,0.063,4.878,46
Stevenston - Stevenston East,2022-01-03,5.690,1.266,4.732,29
Stevenston - Stevenston West,2022-01-03,4.320,-0.437,4.634,30
Stirling,2022-01-03,4.371,-1.321,5.220,60
Stirling - University,2022-01-03,5.513,1.736,3.631,16
Stonehouse,2022-01-03,4.684,-0.637,5.169,36
Strathaven,2022-01-03,4.938,1.022,4.376,32
Thurso,2022-01-03,4.370,,4.297,5
Tillicoultry,2022-01-03,4.600,-0.494,5.035,37
Troqueer,2022-01-03,5.131,0.002,5.130,54
Turriff,2022-01-03,4.331,-0.172,4.470,23
Whitburn,2022-01-03,4.774,-0.864,5.338,50
Winchburgh,2022-01-03,5.320,-0.042,5.354,45
Allanfearn,2022-01-10,5.076,0.019,5.064,73
Alloa,2022-01-10,4.968,-0.394,5.128,51
Annan,2022-01-10,5.017,0.515,4.607,53
Ardoch,2022-01-10,4.730,0.033,4.710,37
Bathgate,2022-01-10,4.425,-0.804,4.938,45
Blackridge,2022-01-10,4.536,-0.125,4.634,44
Boness,2022-01-10,4.826,-0.412,5.146,39
Bonnybridge,2022-01-10,5.046,-0.241,5.191,39
Bowhouse,2022-01-10,5.045,0.054,4.995,37
Carbarns,2022-01-10,5.359,-0.206,5.480,71
Daldowie,2022-01-10,5.143,0.696,4.806,42
Dalmarnock,2022-01-10,5.109,0.099,5.059,32
Dalmuir,2022-01-10,5.093,-0.549,5.374,72
Dalmuir - Auchinairn (6298),2022-01-10,5.565,0.414,5.157,32
Dunbar,2022-01-10,5.527,0.474,5.175,29
Dunblane,2022-01-10,4.844,-0.401,5.147,35
Dunfermline,2022-01-10,5.388,0.004,5.385,71
Dunnswood,2022-01-10,4.817,0.136,4.722,33
Duns,2022-01-10,4.471,-0.502,4.880,34
East Calder,2022-01-10,5.199,-0.496,5.452,53
Ellon,2022-01-10,4.776,-0.202,4.952,27
Erskine,2022-01-10,4.876,-1.231,5.238,10
Eyemouth,2022-01-10,4.666,-0.141,4.789,23
Falkirk,2022-01-10,5.175,-0.065,5.212,65
Forfar,2022-01-10,5.199,0.086,5.140,39
Forres,2022-01-10,5.293,0.195,5.148,25
Fort William,2022-01-10,5.091,0.555,4.595,54
Galashiels,2022-01-10,4.641,-0.305,4.883,56
Guardbridge,2022-01-10,4.909,0.279,4.662,33
Haddington,2022-01-10,4.866,-0.558,5.101,7
Hamilton,2022-01-10,5.103,-0.788,5.530,68
Hatton,2022-01-10,5.349,0.054,5.321,70
Hatton - Fintry North,2022-01-10,4.631,-0.510,4.936,28
Hatton - Fintry West,2022-01-10,5.032,0.042,4.996,26
Hawick,2022-01-10,5.081,-0.166,5.214,61
Inverclyde,2022-01-10,4.974,-0.287,5.121,54
Inverclyde - Gourock,2022-01-10,4.755,-0.036,4.771,32
Inverurie,2022-01-10,5.266,0.093,5.188,29
Jedburgh,2022-01-10,5.188,,4.498,6
Kelso,2022-01-10,5.031,0.212,4.857,27
Kirkcaldy,2022-01-10,5.365,-0.138,5.431,45
Kirkwall,2022-01-10,4.253,-0.160,4.372,48
Lanark,2022-01-10,5.385,0.850,4.853,34
Largs,2022-01-10,4.823,0.106,4.764,35
Levenmouth,2022-01-10,5.235,-0.009,5.241,59
Linlithgow,2022-01-10,4.870,-0.611,5.379,49
Loch Ryan,2022-01-10,4.363,0.307,4.151,23
Lockerbie,2022-01-10,4.934,0.025,4.910,51
Meadowhead,2022-01-10,4.786,-0.801,5.170,68
Meadowhead - Kilmarnock HMP,2022-01-10,4.034,-0.203,4.201,28
Montrose,2022-01-10,4.765,-0.178,4.832,9
Nairn,2022-01-10,4.708,-0.026,4.729,46
Neilston,2022-01-10,4.702,-0.323,4.968,33
Newbridge,2022-01-10,5.196,0.720,5.057,8
Newburgh,2022-01-10,4.429,-0.592,4.996,38
Newtown St Boswell,2022-01-10,5.055,0.361,4.700,33
Nigg,2022-01-10,5.412,-0.160,5.517,75
Paisley,2022-01-10,4.805,-0.845,5.259,45
Paisley - Blackhall,2022-01-10,4.776,-0.302,4.979,32
Paisley - Brediland,2022-01-10,4.370,0.738,3.607,30
Peebles,2022-01-10,4.652,0.152,4.551,47
Penicuik,2022-01-10,5.153,-0.216,5.299,34
Persley,2022-01-10,5.561,1.391,5.309,7
Perth,2022-01-10,4.964,-0.412,5.211,43
Peterhead,2022-01-10,4.983,-0.071,5.037,47
Philipshill,2022-01-10,5.292,0.235,5.166,70
Seafield,2022-01-10,5.238,-0.380,5.439,68
Seafield - Cockenzie,2022-01-10,5.000,0.107,4.925,21
Seafield - Muirhouse,2022-01-10,4.846,-0.434,5.132,7
Seafield - Restalrig,2022-01-10,4.920,,5.391,6
Shieldhall,2022-01-10,4.888,-0.609,5.204,80
Shieldhall - Barrhead,2022-01-10,5.103,-0.371,5.356,33
Shieldhall - Gorbals,2022-01-10,5.166,1.036,4.693,34
Shotts,2022-01-10,4.923,-0.487,5.200,35
Springfield,2022-01-10,4.770,-0.456,5.189,40
St Andrews - University (2979),2022-01-10,3.929,0.116,3.829,17
Stevenston,2022-01-10,4.658,-0.509,4.889,47
Stevenston - Stevenston East,2022-01-10,4.249,-1.085,5.104,30
Stevenston - Stevenston West,2022-01-10,5.617,1.579,4.511,31
Stirling,2022-01-10,4.930,0.041,4.904,61
Stirling - University,2022-01-10,4.749,0.525,4.165,17
Troqueer,2022-01-10,5.215,0.116,5.130,55
Turriff,2022-01-10,4.466,0.065,4.415,24
Winchburgh,2022-01-10,5.179,-0.199,5.341,46
Allanfearn,2022-01-17,4.717,-0.533,5.069,74
Alloa,2022-01-17,4.761,-0.771,5.065,52
Alva,2022-01-17,5.186,0.114,5.107,38
Annan,2022-01-17,5.330,0.715,4.768,54
Ardoch,2022-01-17,4.744,0.042,4.718,38
Aviemore,2022-01-17,4.154,-2.061,5.537,22
Banchory,2022-01-17,4.874,-0.150,5.004,31
Banff,2022-01-17,5.149,0.151,4.997,33
Bathgate,2022-01-17,4.947,0.337,4.736,46
Blackburn,2022-01-17,5.049,0.042,5.028,49
Blackridge,2022-01-17,3.978,-0.802,4.595,45
Blairgowrie,2022-01-17,5.357,0.571,4.950,35
Boness,2022-01-17,4.711,-0.407,5.020,40
Bonnybridge,2022-01-17,4.906,-0.388,5.134,40
Bowhouse,2022-01-17,4.725,-0.316,5.014,38
Carbarns,2022-01-17,5.280,-0.266,5.433,72
Coldstream,2022-01-17,4.263,-0.823,5.011,34
Cupar,2022-01-17,4.989,-0.268,5.206,41
Dalbeattie,2022-01-17,5.535,0.378,5.208,41
Daldowie,2022-01-17,4.893,-0.096,4.938,43
Dalmarnock,2022-01-17,4.388,-1.393,5.079,33
Dalmuir,2022-01-17,5.137,-0.253,5.263,73
Denny,2022-01-17,4.445,-1.249,5.092,41
Dunbar,2022-01-17,4.971,-0.457,5.313,30
Dunfermline,2022-01-17,5.256,-0.193,5.386,72
Dunoon,2022-01-17,4.383,,4.502,4
Duns,2022-01-17,4.575,-0.180,4.719,35
East Calder,2022-01-17,5.082,-0.543,5.353,54
Ellon,2022-01-17,4.715,-0.196,4.883,28
Erskine,2022-01-17,4.667,-1.486,5.096,11
Falkirk,2022-01-17,4.944,-0.450,5.197,66
Fauldhouse,2022-01-17,4.834,-0.205,4.978,45
Forres,2022-01-17,5.002,-0.273,5.205,26
Fort William,2022-01-17,4.600,-0.208,4.791,55
Fraserburgh,2022-01-17,5.409,0.520,5.066,44
Galashiels,2022-01-17,4.701,-0.111,4.788,57
Guardbridge,2022-01-17,4.841,0.094,4.759,34
Hamilton,2022-01-17,4.961,-0.757,5.362,69
Hatton,2022-01-17,5.070,-0.498,5.332,71
Hawick,2022-01-17,4.870,-0.372,5.162,62
Helensburgh,2022-01-17,4.696,-0.546,5.046,59
Inverclyde,2022-01-17,4.645,-0.832,5.063,55
Inverurie,2022-01-17,4.730,-0.596,5.219,30
Jedburgh,2022-01-17,4.046,-1.413,4.736,7
Kelso,2022-01-17,4.900,-0.032,4.926,28
Kinneil,2022-01-17,5.395,0.632,5.220,7
Kirkcaldy,2022-01-17,5.406,0.003,5.405,46
Kirkwall,2022-01-17,4.165,-0.219,4.325,49
Lanark,2022-01-17,5.014,-0.077,5.063,35
Langholm,2022-01-17,5.118,1.454,4.303,21
Levenmouth,2022-01-17,4.952,-0.425,5.239,60
Linlithgow,2022-01-17,4.671,-0.624,5.178,50
Loch Ryan,2022-01-17,4.599,0.541,4.234,24
Lockerbie,2022-01-17,4.662,-0.278,4.919,52
Lossiemouth,2022-01-17,4.423,-0.903,5.000,36
Meadowhead,2022-01-17,4.815,-0.436,5.019,69
Meadowhead - Kilmarnock HMP,2022-01-17,3.245,-1.104,4.135,29
Montrose,2022-01-17,4.574,-0.650,4.805,10
Neilston,2022-01-17,3.843,-1.264,4.863,34
New Cumnock,2022-01-17,4.374,-0.782,4.877,34
Newburgh,2022-01-17,5.032,0.277,4.773,39
Newtown St Boswell,2022-01-17,3.894,-0.972,4.840,34
Nigg,2022-01-17,5.114,-0.560,5.476,76
Paisley,2022-01-17,4.726,-0.677,5.081,46
Peebles,2022-01-17,4.829,0.357,4.591,48
Perth,2022-01-17,4.760,-0.606,5.114,44
Peterhead,2022-01-17,4.711,-0.407,5.015,48
Philipshill,2022-01-17,5.096,-0.229,5.216,71
Sanquhar,2022-01-17,4.673,0.437,4.333,24
Seafield,2022-01-17,5.233,-0.245,5.360,69
Seafield - Cockenzie,2022-01-17,4.975,0.031,4.954,22
Seafield - Craigmillar,2022-01-17,5.020,0.286,4.917,7
Seafield - Restalrig,2022-01-17,5.439,0.621,5.286,7
Shieldhall,2022-01-17,4.983,-0.191,5.079,81
Shieldhall - Pollockshields West,2022-01-17,4.332,-0.334,4.527,25
Springfield,2022-01-17,4.716,-0.343,5.024,41
Stevenston,2022-01-17,4.533,-0.598,4.798,48
Stirling,2022-01-17,4.786,-0.206,4.914,62
Troqueer,2022-01-17,4.830,-0.466,5.163,56
Whitburn,2022-01-17,4.523,-0.933,5.116,51
Winchburgh,2022-01-17,5.489,0.265,5.277,47
Allanfearn,2022-01-24,5.047,0.180,4.930,75
Alloa,2022-01-24,4.591,-0.916,4.945,53
Ardoch,2022-01-24,4.665,-0.104,4.728,39
Armadale,2022-01-24,4.891,-1.034,5.612,44
Aviemore,2022-01-24,4.496,-1.029,5.207,23
Bathgate,2022-01-24,4.675,-0.236,4.819,47
Blackburn,2022-01-24,5.272,0.468,5.036,50
Blackridge,2022-01-24,4.403,0.066,4.352,46
Bonnybridge,2022-01-24,4.716,-0.574,5.044,41
Bowhouse,2022-01-24,4.911,0.012,4.900,39
Carbarns,2022-01-24,5.253,-0.214,5.373,73
Cumnock,2022-01-24,4.823,-0.296,5.049,34
Cupar,2022-01-24,4.681,-0.552,5.120,42
Daldowie,2022-01-24,5.017,0.207,4.920,44
Dalmuir,2022-01-24,5.102,-0.230,5.214,74
Dunbar,2022-01-24,4.763,-0.567,5.179,31
Dunfermline,2022-01-24,5.252,-0.125,5.335,73
Dunoon,2022-01-24,4.168,,4.455,5
Duns,2022-01-24,3.694,-1.233,4.662,36
East Calder,2022-01-24,5.163,-0.172,5.246,55
Erskine,2022-01-24,4.795,-0.526,4.954,12
Falkirk,2022-01-24,4.740,-0.653,5.098,67
Forfar,2022-01-24,4.947,-0.318,5.163,40
Fort William,2022-01-24,4.591,-0.137,4.715,56
Fraserburgh,2022-01-24,4.472,-1.116,5.201,45
Galashiels,2022-01-24,4.762,0.010,4.754,58
Hamilton,2022-01-24,5.151,-0.103,5.204,70
Hatton,2022-01-24,5.137,-0.178,5.229,72
Hatton - Fintry East,2022-01-24,4.629,-0.545,5.128,27
Hatton - Fintry West,2022-01-24,4.807,-0.242,5.011,27
Hawick,2022-01-24,4.970,-0.100,5.047,63
Huntly,2022-01-24,4.417,-0.574,4.855,27
Inverclyde,2022-01-24,4.655,-0.496,4.898,56
Inverurie,2022-01-24,5.031,0.005,5.027,31
Jedburgh,2022-01-24,4.347,-0.292,4.496,8
Kelso,2022-01-24,4.852,-0.078,4.915,29
Kinneil,2022-01-24,5.186,-0.390,5.289,8
Kirkcaldy,2022-01-24,5.169,-0.515,5.405,47
Langholm,2022-01-24,4.431,-0.262,4.579,22
Levenmouth,2022-01-24,4.601,-0.791,5.126,61
Loch Ryan,2022-01-24,4.486,0.163,4.377,25
Lockerbie,2022-01-24,5.063,0.271,4.818,53
Meadowhead,2022-01-24,4.628,-0.682,4.939,70
Montrose,2022-01-24,4.458,-0.729,4.715,11
Neilston,2022-01-24,4.227,-0.301,4.466,35
Newburgh,2022-01-24,5.209,0.362,4.875,40
Nigg,2022-01-24,5.170,-0.259,5.333,77
Paisley,2022-01-24,4.940,-0.002,4.941,47
Peebles,2022-01-24,4.666,-0.028,4.684,49
Perth,2022-01-24,4.798,-0.310,4.975,45
Peterhead,2022-01-24,5.403,0.691,4.896,49
Philipshill,2022-01-24,5.131,-0.074,5.169,72
Seafield,2022-01-24,5.166,-0.285,5.310,70
Shieldhall,2022-01-24,4.964,-0.157,5.041,82
Shieldhall - Pollockshields West,2022-01-24,5.036,1.011,4.450,26
Springfield,2022-01-24,4.484,-0.477,4.903,42
Stevenston,2022-01-24,4.625,-0.158,4.694,49
Stirling,2022-01-24,4.563,-0.494,4.864,63
Stirling - University,2022-01-24,4.217,-0.162,4.395,18
Swinstie,2022-01-24,4.763,0.188,4.648,30
Troqueer,2022-01-24,5.105,0.105,5.032,57
Allanfearn,2022-01-31,4.740,-0.374,4.976,76
Alloa,2022-01-31,5.043,0.616,4.806,54
Alva,2022-01-31,5.877,1.089,5.138,39
Annan,2022-01-31,4.689,-0.382,4.989,55
Ardoch,2022-01-31,4.946,0.402,4.703,40
Armadale,2022-01-31,5.600,0.400,5.328,45
Aviemore,2022-01-31,4.598,-0.478,4.928,24
Banchory,2022-01-31,5.380,0.502,4.953,32
Banff,2022-01-31,5.091,0.035,5.057,34
Bathgate,2022-01-31,5.143,0.638,4.762,48
Blackburn,2022-01-31,4.971,-0.314,5.129,51
Blackridge,2022-01-31,5.146,1.036,4.372,47
Boness,2022-01-31,4.735,-0.220,4.899,41
Bonnybridge,2022-01-31,5.218,0.542,4.915,42
Carbarns,2022-01-31,5.375,0.091,5.325,74
Coldstream,2022-01-31,4.248,-0.527,4.716,35
Cumnock,2022-01-31,4.811,-0.200,4.960,35
Dalbeattie,2022-01-31,5.002,-0.382,5.337,42
Daldowie,2022-01-31,5.169,0.460,4.958,45
Dalmarnock,2022-01-31,4.369,-0.931,4.835,34
Dalmuir,2022-01-31,4.803,-0.773,5.170,75
Denny,2022-01-31,4.124,-1.406,4.837,42
Dunblane,2022-01-31,4.404,-0.845,5.028,36
Dunfermline,2022-01-31,5.336,0.052,5.302,74
Dunoon,2022-01-31,4.615,,4.350,6
Duns,2022-01-31,4.429,0.192,4.281,37
East Calder,2022-01-31,5.305,0.193,5.214,56
Erskine,2022-01-31,4.936,0.150,4.891,13
Fairlie,2022-01-31,3.938,-0.512,4.292,33
Falkirk,2022-01-31,4.761,-0.366,4.957,68
Fauldhouse,2022-01-31,5.073,0.222,4.921,46
Forfar,2022-01-31,5.136,0.087,5.078,41
Fort William,2022-01-31,4.596,-0.078,4.666,57
Fraserburgh,2022-01-31,4.936,0.034,4.914,46
Galashiels,2022-01-31,4.980,0.301,4.757,59
Girvan,2022-01-31,4.641,-0.325,4.905,30
Guardbridge,2022-01-31,4.794,0.003,4.791,35
Hamilton,2022-01-31,5.315,0.260,5.183,71
Hatton,2022-01-31,5.326,0.265,5.193,73
Hatton - Fintry North,2022-01-31,5.109,0.498,4.816,29
Hatton - Fintry West,2022-01-31,5.539,0.742,4.931,28
Hawick,2022-01-31,4.438,-0.768,5.017,64
Helensburgh,2022-01-31,4.824,-0.134,4.908,60
Huntly,2022-01-31,4.344,-0.455,4.683,28
Inverclyde,2022-01-31,4.735,-0.142,4.803,57
Ironmill Bay,2022-01-31,4.978,0.007,4.974,40
Jedburgh,2022-01-31,4.437,0.000,4.437,9
Kelso,2022-01-31,4.703,-0.233,4.890,30
Kinneil,2022-01-31,5.260,0.046,5.248,9
Kirkcaldy,2022-01-31,5.179,-0.297,5.312,48
Kirkwall,2022-01-31,4.632,0.517,4.262,50
Lanark,2022-01-31,4.591,-0.721,5.043,36
Langholm,2022-01-31,4.722,0.367,4.521,23
Levenmouth,2022-01-31,4.766,-0.236,4.919,62
Linlithgow,2022-01-31,4.952,-0.034,4.979,51
Loch Ryan,2022-01-31,4.146,-0.422,4.420,26
Lockerbie,2022-01-31,4.640,-0.306,4.915,54
Lossiemouth,2022-01-31,4.854,0.129,4.773,37
Maybole,2022-01-31,5.269,-0.001,5.270,28
Meadowhead,2022-01-31,4.663,-0.341,4.816,71
Meadowhead - Kilmarnock HMP,2022-01-31,3.229,-0.675,3.785,30
Montrose,2022-01-31,4.473,-0.395,4.614,12
Neilston,2022-01-31,4.444,0.092,4.372,36
New Cumnock,2022-01-31,4.404,-0.437,4.679,35
Newbridge,2022-01-31,5.185,0.397,5.112,9
Newburgh,2022-01-31,5.349,0.372,5.006,41
Newport & Tayport,2022-01-31,4.745,-0.211,4.919,39
Newtown St Boswell,2022-01-31,4.580,0.117,4.468,35
Nigg,2022-01-31,5.420,0.245,5.269,78
Paisley,2022-01-31,4.875,-0.132,4.941,48
Peebles,2022-01-31,4.922,0.368,4.677,50
Penicuik,2022-01-31,4.927,-0.479,5.241,35
Persley,2022-01-31,5.785,2.173,5.398,8
Perth,2022-01-31,5.201,0.532,4.905,46
Peterhead,2022-01-31,4.872,-0.297,5.095,50
Philipshill,2022-01-31,5.164,0.021,5.154,73
Sanquhar,2022-01-31,4.268,-0.262,4.467,25
Seafield,2022-01-31,5.138,-0.233,5.253,71
Selkirk,2022-01-31,4.596,0.054,4.560,20
Shieldhall,2022-01-31,4.871,-0.292,5.011,83
Shieldhall - Pollockshields West,2022-01-31,4.526,-0.273,4.681,27
Shotts,2022-01-31,5.210,0.215,5.091,36
Springfield,2022-01-31,4.805,0.078,4.738,43
St Andrews,2022-01-31,4.988,0.028,4.970,41
Stevenston,2022-01-31,4.640,-0.062,4.667,50
Stevenston - Stevenston West,2022-01-31,4.482,-0.513,4.855,32
Stirling,2022-01-31,4.470,-0.463,4.745,64
Strathaven,2022-01-31,4.618,0.038,4.597,33
Thurso,2022-01-31,4.595,,4.326,6
Tillicoultry,2022-01-31,5.440,0.671,4.864,38
Troqueer,2022-01-31,5.094,0.049,5.061,58
Whitburn,2022-01-31,5.135,0.405,4.882,52
Winchburgh,2022-01-31,5.488,0.160,5.360,48
Allanfearn,2022-02-07,5.144,0.423,4.883,77
Allers,2022-02-07,5.311,-0.250,5.488,43
Alloa,2022-02-07,5.361,1.231,4.899,55
Alva,2022-02-07,5.263,-0.234,5.429,40
Annan,2022-02-07,4.718,-0.199,4.871,56
Ardoch,2022-02-07,4.998,0.331,4.799,41
Armadale,2022-02-07,5.625,0.280,5.435,46
Aviemore,2022-02-07,5.156,0.526,4.798,25
Banff,2022-02-07,4.741,-0.337,5.070,35
Bathgate,2022-02-07,4.904,-0.013,4.912,49
Blackburn,2022-02-07,4.760,-0.624,5.067,52
Blackridge,2022-02-07,4.836,0.216,4.677,48
Blackwood,2022-02-07,5.341,0.786,4.740,34
Boness,2022-02-07,5.003,0.232,4.834,42
Bothwellbank,2022-02-07,5.051,-0.590,5.464,43
Bowhouse,2022-02-07,5.161,0.292,4.905,40
Buckie,2022-02-07,5.352,1.588,4.717,20
Carbarns,2022-02-07,5.339,-0.011,5.345,75
Coldstream,2022-02-07,4.346,-0.215,4.532,36
Cupar,2022-02-07,5.215,0.345,4.947,43
Dalbeattie,2022-02-07,5.062,-0.167,5.205,43
Daldowie,2022-02-07,5.203,0.358,5.041,46
Dalmarnock,2022-02-07,4.098,-1.100,4.652,35
Dalmuir,2022-02-07,4.902,-0.265,5.025,76
Denny,2022-02-07,4.451,-0.269,4.588,43
Dunbar,2022-02-07,4.891,-0.174,5.015,32
Dunblane,2022-02-07,4.987,0.284,4.782,37
Dunfermline,2022-02-07,5.432,0.184,5.316,75
Dunnswood,2022-02-07,5.395,0.932,4.760,34
Dunoon,2022-02-07,3.995,-2.068,4.455,7
Duns,2022-02-07,5.034,0.919,4.339,38
East Calder,2022-02-07,5.265,0.034,5.250,57
Erskine,2022-02-07,4.538,-1.285,4.909,14
Eyemouth,2022-02-07,4.810,0.081,4.740,24
Falkirk,2022-02-07,4.891,0.021,4.880,69
Fauldhouse,2022-02-07,5.333,0.525,4.981,47
Forres,2022-02-07,4.961,-0.223,5.125,27
Fraserburgh,2022-02-07,5.328,0.644,4.923,47
Galashiels,2022-02-07,5.208,0.497,4.845,60
Girvan,2022-02-07,4.388,-0.518,4.801,31
Guardbridge,2022-02-07,4.710,-0.098,4.792,36
Haddington,2022-02-07,5.401,0.973,5.009,8
Hamilton,2022-02-07,5.168,-0.135,5.235,72
Hatton,2022-02-07,5.346,0.203,5.245,74
Hatton - Fintry West,2022-02-07,5.512,0.419,5.170,29
Hawick,2022-02-07,5.175,0.525,4.789,65
Helensburgh,2022-02-07,5.087,0.345,4.875,61
Inverclyde,2022-02-07,4.657,-0.256,4.776,58
Ironmill Bay,2022-02-07,4.577,-0.662,4.975,41
Kelso,2022-02-07,4.973,0.197,4.817,31
Kinneil,2022-02-07,4.807,-1.913,5.253,10
Kirkcaldy,2022-02-07,5.194,-0.150,5.260,49
Kirkwall,2022-02-07,4.909,0.706,4.408,51
Lanark,2022-02-07,4.829,-0.060,4.865,37
Langholm,2022-02-07,4.989,0.723,4.600,24
Lerwick,2022-02-07,4.656,0.747,3.911,36
Lesmahagow,2022-02-07,4.293,-1.053,5.112,32
Levenmouth,2022-02-07,5.194,0.530,4.859,63
Linlithgow,2022-02-07,5.346,0.488,4.968,52
Loch Ryan,2022-02-07,3.962,-0.552,4.312,27
Lockerbie,2022-02-07,4.425,-0.435,4.807,55
Lossiemouth,2022-02-07,5.182,0.613,4.805,38
Maybole,2022-02-07,5.391,0.119,5.270,29
Meadowhead,2022-02-07,4.636,-0.272,4.756,72
Nairn,2022-02-07,4.930,0.267,4.720,47
Newbridge,2022-02-07,4.659,-2.755,5.141,10
Newburgh,2022-02-07,5.358,0.235,5.141,42
Newtown St Boswell,2022-02-07,4.014,-0.534,4.512,36
Nigg,2022-02-07,5.238,-0.149,5.328,79
Paisley,2022-02-07,4.527,-0.796,4.915,49
Persley,2022-02-07,5.160,-1.542,5.486,9
Perth,2022-02-07,5.236,0.392,5.021,47
Philipshill,2022-02-07,5.257,0.204,5.158,74
Seafield,2022-02-07,5.440,0.481,5.208,72
Seafield - Muirhouse,2022-02-07,5.017,-0.004,5.020,8
Seafield - Restalrig,2022-02-07,6.161,3.447,5.346,8
Shieldhall,2022-02-07,4.690,-0.566,4.956,84
Shieldhall - Pollockshields West,2022-02-07,4.713,0.168,4.620,28
Shotts,2022-02-07,5.413,0.501,5.138,37
Skellyton,2022-02-07,3.543,-2.404,5.262,33
Springfield,2022-02-07,5.109,0.412,4.764,44
Stevenston,2022-02-07,4.166,-1.187,4.656,51
Stirling,2022-02-07,4.681,0.076,4.637,65
Stonehouse,2022-02-07,3.742,-1.660,4.978,37
Stornoway,2022-02-07,4.172,0.152,4.078,19
Strathaven,2022-02-07,5.007,0.737,4.606,34
Thurso,2022-02-07,4.013,-1.249,4.432,7
Troqueer,2022-02-07,4.858,-0.322,5.074,59
Whitburn,2022-02-07,4.922,-0.098,4.982,53
